2025-03-29 17:00:46,502 - matplotlib.font_manager - WARNING - Matplotlib is building the font cache; this may take a moment.
2025-03-29 17:00:47,085 - matplotlib.font_manager - INFO - generated new fontManager
2025-03-29 21:55:32,080 - FraudDetectionSystem - INFO - Fraud Detection System initialized
2025-03-29 21:55:32,080 - FraudDetectionSystem - INFO - Generating 1000 sample transactions for training
2025-03-29 21:55:32,122 - FraudDetectionSystem - INFO - Sample data generated and saved to data/transactions.csv
2025-03-29 21:55:32,130 - FraudDetectionSystem - INFO - Starting model training
2025-03-29 21:55:32,131 - FraudDetectionSystem - INFO - Loading data from data/transactions.csv
2025-03-29 21:55:32,188 - FraudDetectionSystem - ERROR - Error during model training: The DType <class 'numpy.dtype[datetime64]'> could not be promoted by <class 'numpy.dtype[float64]'>. This means that no common DType exists for the given inputs. For example they cannot be stored in a single array unless the dtype is `object`. The full list of DTypes is: (<class 'numpy.dtype[float64]'>, <class 'numpy.dtype[float64]'>, <class 'numpy.dtype[float64]'>, <class 'numpy.dtype[float64]'>, <class 'numpy.dtype[float64]'>, <class 'numpy.dtype[float64]'>, <class 'numpy.dtype[float64]'>, <class 'numpy.dtype[float64]'>, <class 'numpy.dtype[float64]'>, <class 'numpy.dtype[float64]'>, <class 'numpy.dtype[datetime64]'>, <class 'numpy.dtype[int32]'>, <class 'numpy.dtype[int32]'>, <class 'numpy.dtype[int32]'>)
2025-03-29 21:55:32,196 - FraudDetectionSystem - ERROR - Models not found. Please train the models first.
2025-03-29 21:55:32,196 - FraudDetectionSystem - INFO - Starting Flask API
2025-03-29 21:55:32,199 - FraudDetectionSystem - INFO - Starting Dashboard
2025-03-29 21:55:37,201 - FraudDetectionSystem - INFO - Simulating 50 transactions
2025-03-29 21:55:37,209 - kafka.conn - INFO - <BrokerConnection client_id=kafka-python-producer-1, node_id=bootstrap-0 host=localhost:9092 <connecting> [IPv6 ('::1', 9092, 0, 0)]>: connecting to localhost:9092 [('::1', 9092, 0, 0) IPv6]
2025-03-30 00:45:40,125 - FraudDetectionSystem - INFO - Fraud Detection System initialized
2025-03-30 00:45:40,133 - FraudDetectionSystem - INFO - Starting model training
2025-03-30 00:45:40,133 - FraudDetectionSystem - INFO - Loading data from data/transactions.csv
2025-03-30 00:45:40,265 - FraudDetectionSystem - INFO - Scaler saved to models\scaler.joblib
2025-03-30 00:45:40,265 - FraudDetectionSystem - INFO - Training Isolation Forest model
2025-03-30 00:45:41,747 - FraudDetectionSystem - INFO - Isolation Forest accuracy: 0.5700
2025-03-30 00:45:41,747 - FraudDetectionSystem - INFO - Training Autoencoder model
2025-03-30 00:45:48,654 - tensorflow - INFO - Assets written to: models\autoencoder_model_keras\assets
2025-03-30 00:45:48,909 - FraudDetectionSystem - INFO - Autoencoder accuracy: 0.4450
2025-03-30 00:45:48,917 - FraudDetectionSystem - INFO - Model training completed successfully
2025-03-30 00:45:48,917 - FraudDetectionSystem - INFO - Starting streaming process
2025-03-30 00:45:48,922 - FraudDetectionSystem - INFO - Starting Flask API
2025-03-30 00:45:48,922 - FraudDetectionSystem - INFO - Starting Dashboard
2025-03-30 00:45:48,925 - FraudDetectionSystem - INFO - Streaming process started
2025-03-30 00:45:48,933 - kafka.conn - INFO - <BrokerConnection client_id=kafka-python-2.1.4, node_id=bootstrap-0 host=localhost:9092 <connecting> [IPv6 ('::1', 9092, 0, 0)]>: connecting to localhost:9092 [('::1', 9092, 0, 0) IPv6]
2025-03-30 00:45:49,926 - werkzeug - INFO - [31m[1mWARNING: This is a development server. Do not use it in a production deployment. Use a production WSGI server instead.[0m
 * Running on all addresses (0.0.0.0)
 * Running on http://127.0.0.1:5001
 * Running on http://192.168.0.107:5001
2025-03-30 00:45:49,926 - werkzeug - INFO - [33mPress CTRL+C to quit[0m
2025-03-30 00:45:50,645 - werkzeug - INFO - [31m[1mWARNING: This is a development server. Do not use it in a production deployment. Use a production WSGI server instead.[0m
 * Running on all addresses (0.0.0.0)
 * Running on http://127.0.0.1:5000
 * Running on http://192.168.0.107:5000
2025-03-30 00:45:50,652 - werkzeug - INFO - [33mPress CTRL+C to quit[0m
2025-03-30 00:45:50,938 - FraudDetectionSystem - ERROR - Error in consumer thread: NoBrokersAvailable
2025-03-30 00:45:50,938 - FraudDetectionSystem - INFO - Consumer thread stopped
2025-03-30 00:45:53,933 - FraudDetectionSystem - INFO - Simulating 50 transactions
2025-03-30 00:45:53,933 - kafka.conn - INFO - <BrokerConnection client_id=kafka-python-producer-1, node_id=bootstrap-0 host=localhost:9092 <connecting> [IPv6 ('::1', 9092, 0, 0)]>: connecting to localhost:9092 [('::1', 9092, 0, 0) IPv6]
2025-03-30 01:16:15,116 - FraudDetectionSystem - INFO - Fraud Detection System initialized
2025-03-30 01:16:15,128 - FraudDetectionSystem - INFO - Starting streaming process
2025-03-30 01:16:15,133 - FraudDetectionSystem - INFO - Starting Flask API
2025-03-30 01:16:15,133 - FraudDetectionSystem - INFO - Streaming process started
2025-03-30 01:16:15,133 - FraudDetectionSystem - INFO - Starting Dashboard
2025-03-30 01:16:15,147 - kafka.conn - INFO - <BrokerConnection client_id=kafka-python-2.1.4, node_id=bootstrap-0 host=localhost:9092 <connecting> [IPv6 ('::1', 9092, 0, 0)]>: connecting to localhost:9092 [('::1', 9092, 0, 0) IPv6]
2025-03-30 01:16:15,174 - kafka.conn - INFO - <BrokerConnection client_id=kafka-python-2.1.4, node_id=bootstrap-0 host=localhost:9092 <checking_api_versions_recv> [IPv6 ('::1', 9092, 0, 0)]>: Broker version identified as 2.6
2025-03-30 01:16:15,178 - kafka.conn - INFO - <BrokerConnection client_id=kafka-python-2.1.4, node_id=bootstrap-0 host=localhost:9092 <connected> [IPv6 ('::1', 9092, 0, 0)]>: Connection complete.
2025-03-30 01:16:15,182 - kafka.consumer.subscription_state - INFO - Updating subscribed topics to: ('transactions',)
2025-03-30 01:16:16,729 - FraudDetectionSystem - INFO - Consumer started. Processing transactions...
2025-03-30 01:16:17,337 - kafka.conn - INFO - <BrokerConnection client_id=kafka-python-2.1.4, node_id=0 host=Aditya:9092 <connecting> [IPv6 ('fe80::4a48:b76e:4dc5:86a1', 9092, 0, 3)]>: connecting to Aditya:9092 [('fe80::4a48:b76e:4dc5:86a1', 9092, 0, 3) IPv6]
2025-03-30 01:16:17,338 - kafka.conn - INFO - <BrokerConnection client_id=kafka-python-2.1.4, node_id=0 host=Aditya:9092 <connected> [IPv6 ('fe80::4a48:b76e:4dc5:86a1', 9092, 0, 3)]>: Connection complete.
2025-03-30 01:16:17,338 - kafka.conn - INFO - <BrokerConnection client_id=kafka-python-2.1.4, node_id=bootstrap-0 host=localhost:9092 <connected> [IPv6 ('::1', 9092, 0, 0)]>: Closing connection. 
2025-03-30 01:16:17,568 - werkzeug - INFO - [31m[1mWARNING: This is a development server. Do not use it in a production deployment. Use a production WSGI server instead.[0m
 * Running on all addresses (0.0.0.0)
 * Running on http://127.0.0.1:5001
 * Running on http://192.168.0.107:5001
2025-03-30 01:16:17,575 - werkzeug - INFO - [33mPress CTRL+C to quit[0m
2025-03-30 01:16:18,685 - werkzeug - INFO - [31m[1mWARNING: This is a development server. Do not use it in a production deployment. Use a production WSGI server instead.[0m
 * Running on all addresses (0.0.0.0)
 * Running on http://127.0.0.1:5000
 * Running on http://192.168.0.107:5000
2025-03-30 01:16:18,685 - werkzeug - INFO - [33mPress CTRL+C to quit[0m
2025-03-30 01:16:19,732 - kafka.cluster - INFO - Group coordinator for fraud-detection-group is BrokerMetadata(nodeId='coordinator-0', host='Aditya', port=9092, rack=None)
2025-03-30 01:16:19,732 - kafka.coordinator - INFO - Discovered coordinator coordinator-0 for group fraud-detection-group
2025-03-30 01:16:19,732 - kafka.coordinator - INFO - Starting new heartbeat thread
2025-03-30 01:16:19,732 - kafka.coordinator.consumer - INFO - Revoking previously assigned partitions set() for group fraud-detection-group
2025-03-30 01:16:19,741 - kafka.conn - INFO - <BrokerConnection client_id=kafka-python-2.1.4, node_id=coordinator-0 host=Aditya:9092 <connecting> [IPv6 ('fe80::4a48:b76e:4dc5:86a1', 9092, 0, 3)]>: connecting to Aditya:9092 [('fe80::4a48:b76e:4dc5:86a1', 9092, 0, 3) IPv6]
2025-03-30 01:16:19,741 - kafka.conn - INFO - <BrokerConnection client_id=kafka-python-2.1.4, node_id=coordinator-0 host=Aditya:9092 <connected> [IPv6 ('fe80::4a48:b76e:4dc5:86a1', 9092, 0, 3)]>: Connection complete.
2025-03-30 01:16:19,856 - kafka.coordinator - INFO - (Re-)joining group fraud-detection-group
2025-03-30 01:16:19,956 - kafka.coordinator - INFO - Elected group leader -- performing partition assignments using range
2025-03-30 01:16:20,080 - kafka.coordinator - INFO - Successfully joined group fraud-detection-group with generation 1
2025-03-30 01:16:20,080 - kafka.consumer.subscription_state - INFO - Updated partition assignment: [TopicPartition(topic='transactions', partition=0)]
2025-03-30 01:16:20,097 - kafka.coordinator.consumer - INFO - Setting newly assigned partitions {TopicPartition(topic='transactions', partition=0)} for group fraud-detection-group
2025-03-30 01:16:20,146 - FraudDetectionSystem - INFO - Simulating 50 transactions
2025-03-30 01:16:20,147 - kafka.conn - INFO - <BrokerConnection client_id=kafka-python-producer-1, node_id=bootstrap-0 host=localhost:9092 <connecting> [IPv6 ('::1', 9092, 0, 0)]>: connecting to localhost:9092 [('::1', 9092, 0, 0) IPv6]
2025-03-30 01:16:20,155 - kafka.conn - INFO - <BrokerConnection client_id=kafka-python-producer-1, node_id=bootstrap-0 host=localhost:9092 <checking_api_versions_recv> [IPv6 ('::1', 9092, 0, 0)]>: Broker version identified as 2.6
2025-03-30 01:16:20,162 - kafka.conn - INFO - <BrokerConnection client_id=kafka-python-producer-1, node_id=bootstrap-0 host=localhost:9092 <connected> [IPv6 ('::1', 9092, 0, 0)]>: Connection complete.
2025-03-30 01:16:20,278 - kafka.conn - INFO - <BrokerConnection client_id=kafka-python-producer-1, node_id=0 host=Aditya:9092 <connecting> [IPv6 ('fe80::4a48:b76e:4dc5:86a1', 9092, 0, 3)]>: connecting to Aditya:9092 [('fe80::4a48:b76e:4dc5:86a1', 9092, 0, 3) IPv6]
2025-03-30 01:16:20,278 - kafka.conn - INFO - <BrokerConnection client_id=kafka-python-producer-1, node_id=0 host=Aditya:9092 <connected> [IPv6 ('fe80::4a48:b76e:4dc5:86a1', 9092, 0, 3)]>: Connection complete.
2025-03-30 01:16:20,278 - kafka.conn - INFO - <BrokerConnection client_id=kafka-python-producer-1, node_id=bootstrap-0 host=localhost:9092 <connected> [IPv6 ('::1', 9092, 0, 0)]>: Closing connection. 
2025-03-30 01:16:20,378 - FraudDetectionSystem - ERROR - Error in consumer thread: The feature names should match those that were passed during fit.
Feature names unseen at fit time:
- amount
- country_AU
- country_BR
- country_CA
- country_CN
- ...
Feature names seen at fit time, yet now missing:
- feature_0
- feature_1
- feature_2
- feature_3
- feature_4
- ...

2025-03-30 01:16:20,378 - FraudDetectionSystem - INFO - Consumer thread stopped
2025-03-30 01:16:45,647 - FraudDetectionSystem - INFO - Transaction simulation completed
2025-03-30 01:16:45,647 - kafka.conn - INFO - <BrokerConnection client_id=kafka-python-producer-1, node_id=0 host=Aditya:9092 <connected> [IPv6 ('fe80::4a48:b76e:4dc5:86a1', 9092, 0, 3)]>: Closing connection. 
2025-03-30 01:17:22,741 - werkzeug - INFO - 127.0.0.1 - - [30/Mar/2025 01:17:22] "GET / HTTP/1.1" 200 -
2025-03-30 01:17:23,570 - werkzeug - INFO - 127.0.0.1 - - [30/Mar/2025 01:17:23] "GET /api/performance?days=30 HTTP/1.1" 200 -
2025-03-30 01:17:23,577 - werkzeug - INFO - 127.0.0.1 - - [30/Mar/2025 01:17:23] "GET /api/summary?days=30 HTTP/1.1" 200 -
2025-03-30 01:17:23,610 - werkzeug - INFO - 127.0.0.1 - - [30/Mar/2025 01:17:23] "[33mGET /favicon.ico HTTP/1.1[0m" 404 -
2025-03-30 01:17:30,085 - werkzeug - INFO - 127.0.0.1 - - [30/Mar/2025 01:17:30] "GET /api/summary?days=30 HTTP/1.1" 200 -
2025-03-30 01:17:30,094 - werkzeug - INFO - 127.0.0.1 - - [30/Mar/2025 01:17:30] "GET /api/performance?days=30 HTTP/1.1" 200 -
2025-03-30 01:18:38,100 - werkzeug - INFO - 127.0.0.1 - - [30/Mar/2025 01:18:38] "[33mGET /initialize HTTP/1.1[0m" 404 -
2025-03-30 01:19:16,306 - app - ERROR - Exception on / [GET]
Traceback (most recent call last):
  File "C:\Users\91771\anaconda3\envs\myenv\lib\site-packages\flask\app.py", line 1473, in wsgi_app
    response = self.full_dispatch_request()
  File "C:\Users\91771\anaconda3\envs\myenv\lib\site-packages\flask\app.py", line 882, in full_dispatch_request
    rv = self.handle_user_exception(e)
  File "C:\Users\91771\anaconda3\envs\myenv\lib\site-packages\flask\app.py", line 880, in full_dispatch_request
    rv = self.dispatch_request()
  File "C:\Users\91771\anaconda3\envs\myenv\lib\site-packages\flask\app.py", line 865, in dispatch_request
    return self.ensure_sync(self.view_functions[rule.endpoint])(**view_args)  # type: ignore[no-any-return]
  File "D:\fraud-detection-system\app.py", line 104, in home
    return render_template('index.html')
  File "C:\Users\91771\anaconda3\envs\myenv\lib\site-packages\flask\templating.py", line 149, in render_template
    template = app.jinja_env.get_or_select_template(template_name_or_list)
  File "C:\Users\91771\anaconda3\envs\myenv\lib\site-packages\jinja2\environment.py", line 1087, in get_or_select_template
    return self.get_template(template_name_or_list, parent, globals)
  File "C:\Users\91771\anaconda3\envs\myenv\lib\site-packages\jinja2\environment.py", line 1016, in get_template
    return self._load_template(name, globals)
  File "C:\Users\91771\anaconda3\envs\myenv\lib\site-packages\jinja2\environment.py", line 975, in _load_template
    template = self.loader.load(self, name, self.make_globals(globals))
  File "C:\Users\91771\anaconda3\envs\myenv\lib\site-packages\jinja2\loaders.py", line 126, in load
    source, filename, uptodate = self.get_source(environment, name)
  File "C:\Users\91771\anaconda3\envs\myenv\lib\site-packages\flask\templating.py", line 65, in get_source
    return self._get_source_fast(environment, template)
  File "C:\Users\91771\anaconda3\envs\myenv\lib\site-packages\flask\templating.py", line 99, in _get_source_fast
    raise TemplateNotFound(template)
jinja2.exceptions.TemplateNotFound: index.html
2025-03-30 01:19:16,315 - werkzeug - INFO - 127.0.0.1 - - [30/Mar/2025 01:19:16] "[35m[1mGET / HTTP/1.1[0m" 500 -
2025-03-30 01:19:16,924 - werkzeug - INFO - 127.0.0.1 - - [30/Mar/2025 01:19:16] "[33mGET /favicon.ico HTTP/1.1[0m" 404 -
2025-03-30 01:20:04,308 - werkzeug - INFO - 127.0.0.1 - - [30/Mar/2025 01:20:04] "GET / HTTP/1.1" 200 -
2025-03-30 01:20:04,637 - werkzeug - INFO - 127.0.0.1 - - [30/Mar/2025 01:20:04] "GET /api/summary?days=30 HTTP/1.1" 200 -
2025-03-30 01:20:04,645 - werkzeug - INFO - 127.0.0.1 - - [30/Mar/2025 01:20:04] "GET /api/performance?days=30 HTTP/1.1" 200 -
2025-03-30 01:21:20,473 - kafka.coordinator - WARNING - Heartbeat poll expired, leaving group
2025-03-30 01:21:20,473 - kafka.coordinator - INFO - Leaving consumer group (fraud-detection-group).
2025-03-30 01:21:20,497 - kafka.coordinator - ERROR - Heartbeat thread for group fraud-detection-group failed due to unexpected error: cannot release un-acquired lock
2025-03-30 01:21:58,478 - app - ERROR - Exception on / [GET]
Traceback (most recent call last):
  File "C:\Users\91771\anaconda3\envs\myenv\lib\site-packages\flask\app.py", line 1473, in wsgi_app
    response = self.full_dispatch_request()
  File "C:\Users\91771\anaconda3\envs\myenv\lib\site-packages\flask\app.py", line 882, in full_dispatch_request
    rv = self.handle_user_exception(e)
  File "C:\Users\91771\anaconda3\envs\myenv\lib\site-packages\flask\app.py", line 880, in full_dispatch_request
    rv = self.dispatch_request()
  File "C:\Users\91771\anaconda3\envs\myenv\lib\site-packages\flask\app.py", line 865, in dispatch_request
    return self.ensure_sync(self.view_functions[rule.endpoint])(**view_args)  # type: ignore[no-any-return]
  File "D:\fraud-detection-system\app.py", line 104, in home
    return render_template('dashboard.html')
  File "C:\Users\91771\anaconda3\envs\myenv\lib\site-packages\flask\templating.py", line 149, in render_template
    template = app.jinja_env.get_or_select_template(template_name_or_list)
  File "C:\Users\91771\anaconda3\envs\myenv\lib\site-packages\jinja2\environment.py", line 1087, in get_or_select_template
    return self.get_template(template_name_or_list, parent, globals)
  File "C:\Users\91771\anaconda3\envs\myenv\lib\site-packages\jinja2\environment.py", line 1016, in get_template
    return self._load_template(name, globals)
  File "C:\Users\91771\anaconda3\envs\myenv\lib\site-packages\jinja2\environment.py", line 975, in _load_template
    template = self.loader.load(self, name, self.make_globals(globals))
  File "C:\Users\91771\anaconda3\envs\myenv\lib\site-packages\jinja2\loaders.py", line 126, in load
    source, filename, uptodate = self.get_source(environment, name)
  File "C:\Users\91771\anaconda3\envs\myenv\lib\site-packages\flask\templating.py", line 65, in get_source
    return self._get_source_fast(environment, template)
  File "C:\Users\91771\anaconda3\envs\myenv\lib\site-packages\flask\templating.py", line 99, in _get_source_fast
    raise TemplateNotFound(template)
jinja2.exceptions.TemplateNotFound: index.html
2025-03-30 01:21:58,507 - werkzeug - INFO - 127.0.0.1 - - [30/Mar/2025 01:21:58] "[35m[1mGET / HTTP/1.1[0m" 500 -
2025-03-30 01:22:00,957 - app - ERROR - Exception on / [GET]
Traceback (most recent call last):
  File "C:\Users\91771\anaconda3\envs\myenv\lib\site-packages\flask\app.py", line 1473, in wsgi_app
    response = self.full_dispatch_request()
  File "C:\Users\91771\anaconda3\envs\myenv\lib\site-packages\flask\app.py", line 882, in full_dispatch_request
    rv = self.handle_user_exception(e)
  File "C:\Users\91771\anaconda3\envs\myenv\lib\site-packages\flask\app.py", line 880, in full_dispatch_request
    rv = self.dispatch_request()
  File "C:\Users\91771\anaconda3\envs\myenv\lib\site-packages\flask\app.py", line 865, in dispatch_request
    return self.ensure_sync(self.view_functions[rule.endpoint])(**view_args)  # type: ignore[no-any-return]
  File "D:\fraud-detection-system\app.py", line 104, in home
    return render_template('dashboard.html')
  File "C:\Users\91771\anaconda3\envs\myenv\lib\site-packages\flask\templating.py", line 149, in render_template
    template = app.jinja_env.get_or_select_template(template_name_or_list)
  File "C:\Users\91771\anaconda3\envs\myenv\lib\site-packages\jinja2\environment.py", line 1087, in get_or_select_template
    return self.get_template(template_name_or_list, parent, globals)
  File "C:\Users\91771\anaconda3\envs\myenv\lib\site-packages\jinja2\environment.py", line 1016, in get_template
    return self._load_template(name, globals)
  File "C:\Users\91771\anaconda3\envs\myenv\lib\site-packages\jinja2\environment.py", line 975, in _load_template
    template = self.loader.load(self, name, self.make_globals(globals))
  File "C:\Users\91771\anaconda3\envs\myenv\lib\site-packages\jinja2\loaders.py", line 126, in load
    source, filename, uptodate = self.get_source(environment, name)
  File "C:\Users\91771\anaconda3\envs\myenv\lib\site-packages\flask\templating.py", line 65, in get_source
    return self._get_source_fast(environment, template)
  File "C:\Users\91771\anaconda3\envs\myenv\lib\site-packages\flask\templating.py", line 99, in _get_source_fast
    raise TemplateNotFound(template)
jinja2.exceptions.TemplateNotFound: index.html
2025-03-30 01:22:00,957 - werkzeug - INFO - 127.0.0.1 - - [30/Mar/2025 01:22:00] "[35m[1mGET / HTTP/1.1[0m" 500 -
2025-03-30 01:25:43,313 - werkzeug - INFO - 127.0.0.1 - - [30/Mar/2025 01:25:43] "GET /api/summary?days=30 HTTP/1.1" 200 -
2025-03-30 01:25:43,318 - werkzeug - INFO - 127.0.0.1 - - [30/Mar/2025 01:25:43] "GET /api/performance?days=30 HTTP/1.1" 200 -
2025-03-30 01:25:45,596 - werkzeug - INFO - 127.0.0.1 - - [30/Mar/2025 01:25:45] "GET /api/summary?days=7 HTTP/1.1" 200 -
2025-03-30 01:25:45,610 - werkzeug - INFO - 127.0.0.1 - - [30/Mar/2025 01:25:45] "GET /api/performance?days=7 HTTP/1.1" 200 -
2025-03-30 16:32:56,869 - FraudDetectionSystem - INFO - Fraud Detection System initialized
2025-03-30 16:32:56,877 - FraudDetectionSystem - INFO - Starting streaming process
2025-03-30 16:32:56,877 - FraudDetectionSystem - INFO - Starting Flask API
2025-03-30 16:32:56,885 - FraudDetectionSystem - INFO - Starting Dashboard
2025-03-30 16:32:56,885 - FraudDetectionSystem - INFO - Streaming process started
2025-03-30 16:32:56,910 - kafka.conn - INFO - <BrokerConnection client_id=kafka-python-2.1.4, node_id=bootstrap-0 host=localhost:9092 <connecting> [IPv6 ('::1', 9092, 0, 0)]>: connecting to localhost:9092 [('::1', 9092, 0, 0) IPv6]
2025-03-30 16:32:56,929 - kafka.conn - INFO - <BrokerConnection client_id=kafka-python-2.1.4, node_id=bootstrap-0 host=localhost:9092 <checking_api_versions_recv> [IPv6 ('::1', 9092, 0, 0)]>: Broker version identified as 2.6
2025-03-30 16:32:56,935 - kafka.conn - INFO - <BrokerConnection client_id=kafka-python-2.1.4, node_id=bootstrap-0 host=localhost:9092 <connected> [IPv6 ('::1', 9092, 0, 0)]>: Connection complete.
2025-03-30 16:32:56,935 - kafka.consumer.subscription_state - INFO - Updating subscribed topics to: ('transactions',)
2025-03-30 16:32:58,587 - FraudDetectionSystem - INFO - Consumer started. Processing transactions...
2025-03-30 16:32:58,629 - kafka.conn - INFO - <BrokerConnection client_id=kafka-python-2.1.4, node_id=0 host=Aditya:9092 <connecting> [IPv6 ('fe80::4a48:b76e:4dc5:86a1', 9092, 0, 3)]>: connecting to Aditya:9092 [('fe80::4a48:b76e:4dc5:86a1', 9092, 0, 3) IPv6]
2025-03-30 16:32:58,629 - kafka.conn - INFO - <BrokerConnection client_id=kafka-python-2.1.4, node_id=0 host=Aditya:9092 <connected> [IPv6 ('fe80::4a48:b76e:4dc5:86a1', 9092, 0, 3)]>: Connection complete.
2025-03-30 16:32:58,629 - kafka.conn - INFO - <BrokerConnection client_id=kafka-python-2.1.4, node_id=bootstrap-0 host=localhost:9092 <connected> [IPv6 ('::1', 9092, 0, 0)]>: Closing connection. 
2025-03-30 16:32:58,752 - kafka.cluster - INFO - Group coordinator for fraud-detection-group is BrokerMetadata(nodeId='coordinator-0', host='Aditya', port=9092, rack=None)
2025-03-30 16:32:58,752 - kafka.coordinator - INFO - Discovered coordinator coordinator-0 for group fraud-detection-group
2025-03-30 16:32:58,752 - kafka.coordinator - INFO - Starting new heartbeat thread
2025-03-30 16:32:58,760 - kafka.coordinator.consumer - INFO - Revoking previously assigned partitions set() for group fraud-detection-group
2025-03-30 16:32:58,762 - kafka.conn - INFO - <BrokerConnection client_id=kafka-python-2.1.4, node_id=coordinator-0 host=Aditya:9092 <connecting> [IPv6 ('fe80::4a48:b76e:4dc5:86a1', 9092, 0, 3)]>: connecting to Aditya:9092 [('fe80::4a48:b76e:4dc5:86a1', 9092, 0, 3) IPv6]
2025-03-30 16:32:58,762 - kafka.conn - INFO - <BrokerConnection client_id=kafka-python-2.1.4, node_id=coordinator-0 host=Aditya:9092 <connected> [IPv6 ('fe80::4a48:b76e:4dc5:86a1', 9092, 0, 3)]>: Connection complete.
2025-03-30 16:32:58,884 - kafka.coordinator - INFO - (Re-)joining group fraud-detection-group
2025-03-30 16:32:58,942 - kafka.coordinator - INFO - Elected group leader -- performing partition assignments using range
2025-03-30 16:32:59,040 - kafka.coordinator - INFO - Successfully joined group fraud-detection-group with generation 3
2025-03-30 16:32:59,040 - kafka.consumer.subscription_state - INFO - Updated partition assignment: [TopicPartition(topic='transactions', partition=0)]
2025-03-30 16:32:59,048 - kafka.coordinator.consumer - INFO - Setting newly assigned partitions {TopicPartition(topic='transactions', partition=0)} for group fraud-detection-group
2025-03-30 16:32:59,445 - werkzeug - INFO - [31m[1mWARNING: This is a development server. Do not use it in a production deployment. Use a production WSGI server instead.[0m
 * Running on all addresses (0.0.0.0)
 * Running on http://127.0.0.1:5001
 * Running on http://192.168.0.107:5001
2025-03-30 16:32:59,445 - werkzeug - INFO - [33mPress CTRL+C to quit[0m
2025-03-30 16:33:00,369 - werkzeug - INFO - [31m[1mWARNING: This is a development server. Do not use it in a production deployment. Use a production WSGI server instead.[0m
 * Running on all addresses (0.0.0.0)
 * Running on http://127.0.0.1:5000
 * Running on http://192.168.0.107:5000
2025-03-30 16:33:00,370 - werkzeug - INFO - [33mPress CTRL+C to quit[0m
2025-03-30 16:33:01,896 - FraudDetectionSystem - INFO - Simulating 50 transactions
2025-03-30 16:33:01,898 - kafka.conn - INFO - <BrokerConnection client_id=kafka-python-producer-1, node_id=bootstrap-0 host=localhost:9092 <connecting> [IPv6 ('::1', 9092, 0, 0)]>: connecting to localhost:9092 [('::1', 9092, 0, 0) IPv6]
2025-03-30 16:33:01,907 - kafka.conn - INFO - <BrokerConnection client_id=kafka-python-producer-1, node_id=bootstrap-0 host=localhost:9092 <checking_api_versions_recv> [IPv6 ('::1', 9092, 0, 0)]>: Broker version identified as 2.6
2025-03-30 16:33:01,907 - kafka.conn - INFO - <BrokerConnection client_id=kafka-python-producer-1, node_id=bootstrap-0 host=localhost:9092 <connected> [IPv6 ('::1', 9092, 0, 0)]>: Connection complete.
2025-03-30 16:33:02,028 - kafka.conn - INFO - <BrokerConnection client_id=kafka-python-producer-1, node_id=0 host=Aditya:9092 <connecting> [IPv6 ('fe80::4a48:b76e:4dc5:86a1', 9092, 0, 3)]>: connecting to Aditya:9092 [('fe80::4a48:b76e:4dc5:86a1', 9092, 0, 3) IPv6]
2025-03-30 16:33:02,028 - kafka.conn - INFO - <BrokerConnection client_id=kafka-python-producer-1, node_id=0 host=Aditya:9092 <connected> [IPv6 ('fe80::4a48:b76e:4dc5:86a1', 9092, 0, 3)]>: Connection complete.
2025-03-30 16:33:02,031 - kafka.conn - INFO - <BrokerConnection client_id=kafka-python-producer-1, node_id=bootstrap-0 host=localhost:9092 <connected> [IPv6 ('::1', 9092, 0, 0)]>: Closing connection. 
2025-03-30 16:33:02,074 - FraudDetectionSystem - ERROR - Error in consumer thread: The feature names should match those that were passed during fit.
Feature names unseen at fit time:
- amount
- country_AU
- country_BR
- country_CA
- country_CN
- ...
Feature names seen at fit time, yet now missing:
- feature_0
- feature_1
- feature_2
- feature_3
- feature_4
- ...

2025-03-30 16:33:02,077 - FraudDetectionSystem - INFO - Consumer thread stopped
2025-03-30 16:33:27,447 - FraudDetectionSystem - INFO - Transaction simulation completed
2025-03-30 16:33:27,448 - kafka.conn - INFO - <BrokerConnection client_id=kafka-python-producer-1, node_id=0 host=Aditya:9092 <connected> [IPv6 ('fe80::4a48:b76e:4dc5:86a1', 9092, 0, 3)]>: Closing connection. 
2025-03-30 16:33:50,539 - werkzeug - INFO - 127.0.0.1 - - [30/Mar/2025 16:33:50] "GET / HTTP/1.1" 200 -
2025-03-30 16:33:54,122 - werkzeug - INFO - 127.0.0.1 - - [30/Mar/2025 16:33:54] "GET /api/performance?days=30 HTTP/1.1" 200 -
2025-03-30 16:33:54,122 - werkzeug - INFO - 127.0.0.1 - - [30/Mar/2025 16:33:54] "GET /api/summary?days=30 HTTP/1.1" 200 -
2025-03-30 16:33:54,191 - werkzeug - INFO - 127.0.0.1 - - [30/Mar/2025 16:33:54] "[33mGET /favicon.ico HTTP/1.1[0m" 404 -
2025-03-30 16:33:57,702 - app - ERROR - Exception on / [GET]
Traceback (most recent call last):
  File "C:\Users\91771\anaconda3\envs\myenv\lib\site-packages\flask\app.py", line 1473, in wsgi_app
    response = self.full_dispatch_request()
  File "C:\Users\91771\anaconda3\envs\myenv\lib\site-packages\flask\app.py", line 882, in full_dispatch_request
    rv = self.handle_user_exception(e)
  File "C:\Users\91771\anaconda3\envs\myenv\lib\site-packages\flask\app.py", line 880, in full_dispatch_request
    rv = self.dispatch_request()
  File "C:\Users\91771\anaconda3\envs\myenv\lib\site-packages\flask\app.py", line 865, in dispatch_request
    return self.ensure_sync(self.view_functions[rule.endpoint])(**view_args)  # type: ignore[no-any-return]
  File "D:\fraud-detection-system\app.py", line 104, in home
    return render_template('index.html')
  File "C:\Users\91771\anaconda3\envs\myenv\lib\site-packages\flask\templating.py", line 149, in render_template
    template = app.jinja_env.get_or_select_template(template_name_or_list)
  File "C:\Users\91771\anaconda3\envs\myenv\lib\site-packages\jinja2\environment.py", line 1087, in get_or_select_template
    return self.get_template(template_name_or_list, parent, globals)
  File "C:\Users\91771\anaconda3\envs\myenv\lib\site-packages\jinja2\environment.py", line 1016, in get_template
    return self._load_template(name, globals)
  File "C:\Users\91771\anaconda3\envs\myenv\lib\site-packages\jinja2\environment.py", line 975, in _load_template
    template = self.loader.load(self, name, self.make_globals(globals))
  File "C:\Users\91771\anaconda3\envs\myenv\lib\site-packages\jinja2\loaders.py", line 126, in load
    source, filename, uptodate = self.get_source(environment, name)
  File "C:\Users\91771\anaconda3\envs\myenv\lib\site-packages\flask\templating.py", line 65, in get_source
    return self._get_source_fast(environment, template)
  File "C:\Users\91771\anaconda3\envs\myenv\lib\site-packages\flask\templating.py", line 99, in _get_source_fast
    raise TemplateNotFound(template)
jinja2.exceptions.TemplateNotFound: index.html
2025-03-30 16:33:57,710 - werkzeug - INFO - 127.0.0.1 - - [30/Mar/2025 16:33:57] "[35m[1mGET / HTTP/1.1[0m" 500 -
2025-03-30 16:33:58,265 - werkzeug - INFO - 127.0.0.1 - - [30/Mar/2025 16:33:58] "[33mGET /favicon.ico HTTP/1.1[0m" 404 -
2025-03-30 16:34:36,278 - werkzeug - INFO - 127.0.0.1 - - [30/Mar/2025 16:34:36] "[33mGET /api HTTP/1.1[0m" 404 -
2025-03-30 16:34:43,150 - werkzeug - INFO - 127.0.0.1 - - [30/Mar/2025 16:34:43] "[31m[1mGET /api/detect HTTP/1.1[0m" 405 -
2025-03-30 16:35:14,233 - werkzeug - INFO - 127.0.0.1 - - [30/Mar/2025 16:35:14] "[31m[1mGET /api/detect HTTP/1.1[0m" 405 -
2025-03-30 16:35:14,665 - werkzeug - INFO - 127.0.0.1 - - [30/Mar/2025 16:35:14] "[33mGET /favicon.ico HTTP/1.1[0m" 404 -
2025-03-30 16:35:25,896 - werkzeug - INFO - 127.0.0.1 - - [30/Mar/2025 16:35:25] "[31m[1mGET /api/batch-detect HTTP/1.1[0m" 405 -
2025-03-30 16:35:33,924 - werkzeug - INFO - 127.0.0.1 - - [30/Mar/2025 16:35:33] "GET / HTTP/1.1" 200 -
2025-03-30 16:35:37,629 - werkzeug - INFO - 127.0.0.1 - - [30/Mar/2025 16:35:37] "GET /api/summary?days=30 HTTP/1.1" 200 -
2025-03-30 16:35:37,941 - werkzeug - INFO - 127.0.0.1 - - [30/Mar/2025 16:35:37] "GET /api/performance?days=30 HTTP/1.1" 200 -
2025-03-30 16:35:38,012 - werkzeug - INFO - 127.0.0.1 - - [30/Mar/2025 16:35:38] "[33mGET /favicon.ico HTTP/1.1[0m" 404 -
2025-03-30 16:38:02,177 - kafka.coordinator - WARNING - Heartbeat poll expired, leaving group
2025-03-30 16:38:02,177 - kafka.coordinator - INFO - Leaving consumer group (fraud-detection-group).
2025-03-30 16:38:02,203 - kafka.coordinator - ERROR - Heartbeat thread for group fraud-detection-group failed due to unexpected error: cannot release un-acquired lock
2025-03-30 16:40:24,428 - werkzeug - INFO - 127.0.0.1 - - [30/Mar/2025 16:40:24] "[31m[1mPOST /api/detect HTTP/1.1[0m" 400 -
2025-03-30 16:40:56,197 - werkzeug - INFO - 127.0.0.1 - - [30/Mar/2025 16:40:56] "GET / HTTP/1.1" 200 -
2025-03-30 16:40:56,430 - werkzeug - INFO - 127.0.0.1 - - [30/Mar/2025 16:40:56] "GET /api/summary?days=30 HTTP/1.1" 200 -
2025-03-30 16:40:56,434 - werkzeug - INFO - 127.0.0.1 - - [30/Mar/2025 16:40:56] "GET /api/performance?days=30 HTTP/1.1" 200 -
2025-03-30 17:12:24,685 - FraudDetectionSystem - INFO - Fraud Detection System initialized
2025-03-30 17:12:24,692 - FraudDetectionSystem - INFO - Starting streaming process
2025-03-30 17:12:24,692 - FraudDetectionSystem - INFO - Starting Flask API
2025-03-30 17:12:24,692 - FraudDetectionSystem - INFO - Streaming process started
2025-03-30 17:12:24,692 - FraudDetectionSystem - INFO - Starting Dashboard
2025-03-30 17:12:24,708 - kafka.conn - INFO - <BrokerConnection client_id=kafka-python-2.1.4, node_id=bootstrap-0 host=localhost:9092 <connecting> [IPv6 ('::1', 9092, 0, 0)]>: connecting to localhost:9092 [('::1', 9092, 0, 0) IPv6]
2025-03-30 17:12:24,716 - kafka.conn - INFO - <BrokerConnection client_id=kafka-python-2.1.4, node_id=bootstrap-0 host=localhost:9092 <checking_api_versions_recv> [IPv6 ('::1', 9092, 0, 0)]>: Broker version identified as 2.6
2025-03-30 17:12:24,716 - kafka.conn - INFO - <BrokerConnection client_id=kafka-python-2.1.4, node_id=bootstrap-0 host=localhost:9092 <connected> [IPv6 ('::1', 9092, 0, 0)]>: Connection complete.
2025-03-30 17:12:24,725 - kafka.consumer.subscription_state - INFO - Updating subscribed topics to: ('transactions',)
2025-03-30 17:12:26,020 - FraudDetectionSystem - INFO - Consumer started. Processing transactions...
2025-03-30 17:12:26,028 - kafka.conn - INFO - <BrokerConnection client_id=kafka-python-2.1.4, node_id=0 host=Aditya:9092 <connecting> [IPv6 ('fe80::4a48:b76e:4dc5:86a1', 9092, 0, 3)]>: connecting to Aditya:9092 [('fe80::4a48:b76e:4dc5:86a1', 9092, 0, 3) IPv6]
2025-03-30 17:12:26,028 - kafka.conn - INFO - <BrokerConnection client_id=kafka-python-2.1.4, node_id=0 host=Aditya:9092 <connected> [IPv6 ('fe80::4a48:b76e:4dc5:86a1', 9092, 0, 3)]>: Connection complete.
2025-03-30 17:12:26,028 - kafka.conn - INFO - <BrokerConnection client_id=kafka-python-2.1.4, node_id=bootstrap-0 host=localhost:9092 <connected> [IPv6 ('::1', 9092, 0, 0)]>: Closing connection. 
2025-03-30 17:12:26,143 - kafka.cluster - INFO - Group coordinator for fraud-detection-group is BrokerMetadata(nodeId='coordinator-0', host='Aditya', port=9092, rack=None)
2025-03-30 17:12:26,143 - kafka.coordinator - INFO - Discovered coordinator coordinator-0 for group fraud-detection-group
2025-03-30 17:12:26,143 - kafka.coordinator - INFO - Starting new heartbeat thread
2025-03-30 17:12:26,151 - kafka.coordinator.consumer - INFO - Revoking previously assigned partitions set() for group fraud-detection-group
2025-03-30 17:12:26,151 - kafka.conn - INFO - <BrokerConnection client_id=kafka-python-2.1.4, node_id=coordinator-0 host=Aditya:9092 <connecting> [IPv6 ('fe80::4a48:b76e:4dc5:86a1', 9092, 0, 3)]>: connecting to Aditya:9092 [('fe80::4a48:b76e:4dc5:86a1', 9092, 0, 3) IPv6]
2025-03-30 17:12:26,151 - kafka.conn - INFO - <BrokerConnection client_id=kafka-python-2.1.4, node_id=coordinator-0 host=Aditya:9092 <connected> [IPv6 ('fe80::4a48:b76e:4dc5:86a1', 9092, 0, 3)]>: Connection complete.
2025-03-30 17:12:26,273 - kafka.coordinator - INFO - (Re-)joining group fraud-detection-group
2025-03-30 17:12:26,289 - kafka.coordinator - INFO - Elected group leader -- performing partition assignments using range
2025-03-30 17:12:26,306 - kafka.coordinator - INFO - Successfully joined group fraud-detection-group with generation 1
2025-03-30 17:12:26,306 - kafka.consumer.subscription_state - INFO - Updated partition assignment: [TopicPartition(topic='transactions', partition=0)]
2025-03-30 17:12:26,314 - kafka.coordinator.consumer - INFO - Setting newly assigned partitions {TopicPartition(topic='transactions', partition=0)} for group fraud-detection-group
2025-03-30 17:12:26,728 - werkzeug - INFO - [31m[1mWARNING: This is a development server. Do not use it in a production deployment. Use a production WSGI server instead.[0m
 * Running on all addresses (0.0.0.0)
 * Running on http://127.0.0.1:5001
 * Running on http://192.168.0.107:5001
2025-03-30 17:12:26,736 - werkzeug - INFO - [33mPress CTRL+C to quit[0m
2025-03-30 17:12:27,350 - werkzeug - INFO - [31m[1mWARNING: This is a development server. Do not use it in a production deployment. Use a production WSGI server instead.[0m
 * Running on all addresses (0.0.0.0)
 * Running on http://127.0.0.1:5000
 * Running on http://192.168.0.107:5000
2025-03-30 17:12:27,350 - werkzeug - INFO - [33mPress CTRL+C to quit[0m
2025-03-30 17:12:29,696 - FraudDetectionSystem - INFO - Simulating 50 transactions
2025-03-30 17:12:29,696 - kafka.conn - INFO - <BrokerConnection client_id=kafka-python-producer-1, node_id=bootstrap-0 host=localhost:9092 <connecting> [IPv6 ('::1', 9092, 0, 0)]>: connecting to localhost:9092 [('::1', 9092, 0, 0) IPv6]
2025-03-30 17:12:29,704 - kafka.conn - INFO - <BrokerConnection client_id=kafka-python-producer-1, node_id=bootstrap-0 host=localhost:9092 <checking_api_versions_recv> [IPv6 ('::1', 9092, 0, 0)]>: Broker version identified as 2.6
2025-03-30 17:12:29,705 - kafka.conn - INFO - <BrokerConnection client_id=kafka-python-producer-1, node_id=bootstrap-0 host=localhost:9092 <connected> [IPv6 ('::1', 9092, 0, 0)]>: Connection complete.
2025-03-30 17:12:29,811 - kafka.conn - INFO - <BrokerConnection client_id=kafka-python-producer-1, node_id=0 host=Aditya:9092 <connecting> [IPv6 ('fe80::4a48:b76e:4dc5:86a1', 9092, 0, 3)]>: connecting to Aditya:9092 [('fe80::4a48:b76e:4dc5:86a1', 9092, 0, 3) IPv6]
2025-03-30 17:12:29,811 - kafka.conn - INFO - <BrokerConnection client_id=kafka-python-producer-1, node_id=0 host=Aditya:9092 <connected> [IPv6 ('fe80::4a48:b76e:4dc5:86a1', 9092, 0, 3)]>: Connection complete.
2025-03-30 17:12:29,811 - kafka.conn - INFO - <BrokerConnection client_id=kafka-python-producer-1, node_id=bootstrap-0 host=localhost:9092 <connected> [IPv6 ('::1', 9092, 0, 0)]>: Closing connection. 
2025-03-30 17:12:29,828 - FraudDetectionSystem - ERROR - Error in consumer thread: The feature names should match those that were passed during fit.
Feature names unseen at fit time:
- amount
- country_AU
- country_BR
- country_CA
- country_CN
- ...
Feature names seen at fit time, yet now missing:
- feature_0
- feature_1
- feature_2
- feature_3
- feature_4
- ...

2025-03-30 17:12:29,828 - FraudDetectionSystem - INFO - Consumer thread stopped
2025-03-30 17:12:55,196 - FraudDetectionSystem - INFO - Transaction simulation completed
2025-03-30 17:12:55,196 - kafka.conn - INFO - <BrokerConnection client_id=kafka-python-producer-1, node_id=0 host=Aditya:9092 <connected> [IPv6 ('fe80::4a48:b76e:4dc5:86a1', 9092, 0, 3)]>: Closing connection. 
2025-03-30 17:13:47,039 - werkzeug - INFO - 127.0.0.1 - - [30/Mar/2025 17:13:47] "GET / HTTP/1.1" 200 -
2025-03-30 17:13:55,194 - werkzeug - INFO - 127.0.0.1 - - [30/Mar/2025 17:13:55] "GET / HTTP/1.1" 200 -
2025-03-30 17:13:55,858 - werkzeug - INFO - 127.0.0.1 - - [30/Mar/2025 17:13:55] "GET /api/performance?days=30 HTTP/1.1" 200 -
2025-03-30 17:13:55,866 - werkzeug - INFO - 127.0.0.1 - - [30/Mar/2025 17:13:55] "GET /api/summary?days=30 HTTP/1.1" 200 -
2025-03-30 17:14:40,576 - werkzeug - INFO - 127.0.0.1 - - [30/Mar/2025 17:14:40] "GET /api/summary?days=30 HTTP/1.1" 200 -
2025-03-30 17:14:40,600 - werkzeug - INFO - 127.0.0.1 - - [30/Mar/2025 17:14:40] "GET /api/performance?days=30 HTTP/1.1" 200 -
2025-03-30 17:14:41,885 - werkzeug - INFO - 127.0.0.1 - - [30/Mar/2025 17:14:41] "GET /api/summary?days=30 HTTP/1.1" 200 -
2025-03-30 17:14:41,911 - werkzeug - INFO - 127.0.0.1 - - [30/Mar/2025 17:14:41] "GET /api/performance?days=30 HTTP/1.1" 200 -
2025-03-30 17:15:00,920 - app - ERROR - Exception on /api/detect [POST]
Traceback (most recent call last):
  File "C:\Users\91771\anaconda3\envs\myenv\lib\site-packages\flask\app.py", line 1473, in wsgi_app
    response = self.full_dispatch_request()
  File "C:\Users\91771\anaconda3\envs\myenv\lib\site-packages\flask\app.py", line 882, in full_dispatch_request
    rv = self.handle_user_exception(e)
  File "C:\Users\91771\anaconda3\envs\myenv\lib\site-packages\flask\app.py", line 880, in full_dispatch_request
    rv = self.dispatch_request()
  File "C:\Users\91771\anaconda3\envs\myenv\lib\site-packages\flask\app.py", line 865, in dispatch_request
    return self.ensure_sync(self.view_functions[rule.endpoint])(**view_args)  # type: ignore[no-any-return]
  File "D:\fraud-detection-system\app.py", line 133, in detect_fraud
    X = preprocess_transaction(transaction)
  File "D:\fraud-detection-system\app.py", line 93, in preprocess_transaction
    X = scaler.transform(df)
  File "C:\Users\91771\anaconda3\envs\myenv\lib\site-packages\sklearn\utils\_set_output.py", line 157, in wrapped
    data_to_wrap = f(self, X, *args, **kwargs)
  File "C:\Users\91771\anaconda3\envs\myenv\lib\site-packages\sklearn\preprocessing\_data.py", line 1006, in transform
    X = self._validate_data(
  File "C:\Users\91771\anaconda3\envs\myenv\lib\site-packages\sklearn\base.py", line 580, in _validate_data
    self._check_feature_names(X, reset=reset)
  File "C:\Users\91771\anaconda3\envs\myenv\lib\site-packages\sklearn\base.py", line 507, in _check_feature_names
    raise ValueError(message)
ValueError: The feature names should match those that were passed during fit.
Feature names unseen at fit time:
- amount
- country_AU
- country_BR
- country_CA
- country_CN
- ...
Feature names seen at fit time, yet now missing:
- feature_0
- feature_1
- feature_2
- feature_3
- feature_4
- ...

2025-03-30 17:15:00,936 - werkzeug - INFO - 127.0.0.1 - - [30/Mar/2025 17:15:00] "[35m[1mPOST /api/detect HTTP/1.1[0m" 500 -
2025-03-30 17:15:04,853 - werkzeug - INFO - 127.0.0.1 - - [30/Mar/2025 17:15:04] "GET / HTTP/1.1" 200 -
2025-03-30 17:15:05,317 - werkzeug - INFO - 127.0.0.1 - - [30/Mar/2025 17:15:05] "GET /api/summary?days=30 HTTP/1.1" 200 -
2025-03-30 17:15:05,332 - werkzeug - INFO - 127.0.0.1 - - [30/Mar/2025 17:15:05] "GET /api/performance?days=30 HTTP/1.1" 200 -
2025-03-30 17:15:31,449 - werkzeug - INFO - 127.0.0.1 - - [30/Mar/2025 17:15:31] "GET /api/detect HTTP/1.1" 200 -
2025-03-30 17:16:15,639 - app - ERROR - Exception on /api/detect [POST]
Traceback (most recent call last):
  File "C:\Users\91771\anaconda3\envs\myenv\lib\site-packages\flask\app.py", line 1473, in wsgi_app
    response = self.full_dispatch_request()
  File "C:\Users\91771\anaconda3\envs\myenv\lib\site-packages\flask\app.py", line 882, in full_dispatch_request
    rv = self.handle_user_exception(e)
  File "C:\Users\91771\anaconda3\envs\myenv\lib\site-packages\flask\app.py", line 880, in full_dispatch_request
    rv = self.dispatch_request()
  File "C:\Users\91771\anaconda3\envs\myenv\lib\site-packages\flask\app.py", line 865, in dispatch_request
    return self.ensure_sync(self.view_functions[rule.endpoint])(**view_args)  # type: ignore[no-any-return]
  File "D:\fraud-detection-system\app.py", line 133, in detect_fraud
    X = preprocess_transaction(transaction)
  File "D:\fraud-detection-system\app.py", line 93, in preprocess_transaction
    X = scaler.transform(df)
  File "C:\Users\91771\anaconda3\envs\myenv\lib\site-packages\sklearn\utils\_set_output.py", line 157, in wrapped
    data_to_wrap = f(self, X, *args, **kwargs)
  File "C:\Users\91771\anaconda3\envs\myenv\lib\site-packages\sklearn\preprocessing\_data.py", line 1006, in transform
    X = self._validate_data(
  File "C:\Users\91771\anaconda3\envs\myenv\lib\site-packages\sklearn\base.py", line 580, in _validate_data
    self._check_feature_names(X, reset=reset)
  File "C:\Users\91771\anaconda3\envs\myenv\lib\site-packages\sklearn\base.py", line 507, in _check_feature_names
    raise ValueError(message)
ValueError: The feature names should match those that were passed during fit.
Feature names unseen at fit time:
- amount
- country_AU
- country_BR
- country_CA
- country_CN
- ...
Feature names seen at fit time, yet now missing:
- feature_0
- feature_1
- feature_2
- feature_3
- feature_4
- ...

2025-03-30 17:16:15,643 - werkzeug - INFO - 127.0.0.1 - - [30/Mar/2025 17:16:15] "[35m[1mPOST /api/detect HTTP/1.1[0m" 500 -
2025-03-30 17:17:29,830 - kafka.coordinator - WARNING - Heartbeat poll expired, leaving group
2025-03-30 17:17:29,830 - kafka.coordinator - INFO - Leaving consumer group (fraud-detection-group).
2025-03-30 17:17:29,839 - kafka.coordinator - ERROR - Heartbeat thread for group fraud-detection-group failed due to unexpected error: cannot release un-acquired lock
2025-03-30 17:18:55,988 - app - ERROR - Exception on /api/detect [POST]
Traceback (most recent call last):
  File "C:\Users\91771\anaconda3\envs\myenv\lib\site-packages\flask\app.py", line 1473, in wsgi_app
    response = self.full_dispatch_request()
  File "C:\Users\91771\anaconda3\envs\myenv\lib\site-packages\flask\app.py", line 882, in full_dispatch_request
    rv = self.handle_user_exception(e)
  File "C:\Users\91771\anaconda3\envs\myenv\lib\site-packages\flask\app.py", line 880, in full_dispatch_request
    rv = self.dispatch_request()
  File "C:\Users\91771\anaconda3\envs\myenv\lib\site-packages\flask\app.py", line 865, in dispatch_request
    return self.ensure_sync(self.view_functions[rule.endpoint])(**view_args)  # type: ignore[no-any-return]
  File "D:\fraud-detection-system\app.py", line 133, in detect_fraud
    X = preprocess_transaction(transaction)
  File "D:\fraud-detection-system\app.py", line 93, in preprocess_transaction
    X = scaler.transform(df)
  File "C:\Users\91771\anaconda3\envs\myenv\lib\site-packages\sklearn\utils\_set_output.py", line 157, in wrapped
    data_to_wrap = f(self, X, *args, **kwargs)
  File "C:\Users\91771\anaconda3\envs\myenv\lib\site-packages\sklearn\preprocessing\_data.py", line 1006, in transform
    X = self._validate_data(
  File "C:\Users\91771\anaconda3\envs\myenv\lib\site-packages\sklearn\base.py", line 580, in _validate_data
    self._check_feature_names(X, reset=reset)
  File "C:\Users\91771\anaconda3\envs\myenv\lib\site-packages\sklearn\base.py", line 507, in _check_feature_names
    raise ValueError(message)
ValueError: The feature names should match those that were passed during fit.
Feature names unseen at fit time:
- amount
- country_AU
- country_BR
- country_CA
- country_CN
- ...
Feature names seen at fit time, yet now missing:
- feature_0
- feature_1
- feature_2
- feature_3
- feature_4
- ...

2025-03-30 17:18:55,988 - werkzeug - INFO - 127.0.0.1 - - [30/Mar/2025 17:18:55] "[35m[1mPOST /api/detect HTTP/1.1[0m" 500 -
2025-03-30 17:20:14,066 - app - ERROR - Exception on /api/detect [POST]
Traceback (most recent call last):
  File "C:\Users\91771\anaconda3\envs\myenv\lib\site-packages\flask\app.py", line 1473, in wsgi_app
    response = self.full_dispatch_request()
  File "C:\Users\91771\anaconda3\envs\myenv\lib\site-packages\flask\app.py", line 882, in full_dispatch_request
    rv = self.handle_user_exception(e)
  File "C:\Users\91771\anaconda3\envs\myenv\lib\site-packages\flask\app.py", line 880, in full_dispatch_request
    rv = self.dispatch_request()
  File "C:\Users\91771\anaconda3\envs\myenv\lib\site-packages\flask\app.py", line 865, in dispatch_request
    return self.ensure_sync(self.view_functions[rule.endpoint])(**view_args)  # type: ignore[no-any-return]
  File "D:\fraud-detection-system\app.py", line 133, in detect_fraud
    X = preprocess_transaction(transaction)
  File "D:\fraud-detection-system\app.py", line 93, in preprocess_transaction
    X = scaler.transform(df)
  File "C:\Users\91771\anaconda3\envs\myenv\lib\site-packages\sklearn\utils\_set_output.py", line 157, in wrapped
    data_to_wrap = f(self, X, *args, **kwargs)
  File "C:\Users\91771\anaconda3\envs\myenv\lib\site-packages\sklearn\preprocessing\_data.py", line 1006, in transform
    X = self._validate_data(
  File "C:\Users\91771\anaconda3\envs\myenv\lib\site-packages\sklearn\base.py", line 580, in _validate_data
    self._check_feature_names(X, reset=reset)
  File "C:\Users\91771\anaconda3\envs\myenv\lib\site-packages\sklearn\base.py", line 507, in _check_feature_names
    raise ValueError(message)
ValueError: The feature names should match those that were passed during fit.
Feature names unseen at fit time:
- amount
- country_AU
- country_BR
- country_CA
- country_CN
- ...
Feature names seen at fit time, yet now missing:
- feature_0
- feature_1
- feature_2
- feature_3
- feature_4
- ...

2025-03-30 17:20:14,066 - werkzeug - INFO - 127.0.0.1 - - [30/Mar/2025 17:20:14] "[35m[1mPOST /api/detect HTTP/1.1[0m" 500 -
2025-03-30 17:20:16,643 - app - ERROR - Exception on /api/detect [POST]
Traceback (most recent call last):
  File "C:\Users\91771\anaconda3\envs\myenv\lib\site-packages\flask\app.py", line 1473, in wsgi_app
    response = self.full_dispatch_request()
  File "C:\Users\91771\anaconda3\envs\myenv\lib\site-packages\flask\app.py", line 882, in full_dispatch_request
    rv = self.handle_user_exception(e)
  File "C:\Users\91771\anaconda3\envs\myenv\lib\site-packages\flask\app.py", line 880, in full_dispatch_request
    rv = self.dispatch_request()
  File "C:\Users\91771\anaconda3\envs\myenv\lib\site-packages\flask\app.py", line 865, in dispatch_request
    return self.ensure_sync(self.view_functions[rule.endpoint])(**view_args)  # type: ignore[no-any-return]
  File "D:\fraud-detection-system\app.py", line 133, in detect_fraud
    X = preprocess_transaction(transaction)
  File "D:\fraud-detection-system\app.py", line 93, in preprocess_transaction
    X = scaler.transform(df)
  File "C:\Users\91771\anaconda3\envs\myenv\lib\site-packages\sklearn\utils\_set_output.py", line 157, in wrapped
    data_to_wrap = f(self, X, *args, **kwargs)
  File "C:\Users\91771\anaconda3\envs\myenv\lib\site-packages\sklearn\preprocessing\_data.py", line 1006, in transform
    X = self._validate_data(
  File "C:\Users\91771\anaconda3\envs\myenv\lib\site-packages\sklearn\base.py", line 580, in _validate_data
    self._check_feature_names(X, reset=reset)
  File "C:\Users\91771\anaconda3\envs\myenv\lib\site-packages\sklearn\base.py", line 507, in _check_feature_names
    raise ValueError(message)
ValueError: The feature names should match those that were passed during fit.
Feature names unseen at fit time:
- amount
- country_AU
- country_BR
- country_CA
- country_CN
- ...
Feature names seen at fit time, yet now missing:
- feature_0
- feature_1
- feature_2
- feature_3
- feature_4
- ...

2025-03-30 17:20:16,647 - werkzeug - INFO - 127.0.0.1 - - [30/Mar/2025 17:20:16] "[35m[1mPOST /api/detect HTTP/1.1[0m" 500 -
2025-03-30 17:20:19,212 - app - ERROR - Exception on /api/detect [POST]
Traceback (most recent call last):
  File "C:\Users\91771\anaconda3\envs\myenv\lib\site-packages\flask\app.py", line 1473, in wsgi_app
    response = self.full_dispatch_request()
  File "C:\Users\91771\anaconda3\envs\myenv\lib\site-packages\flask\app.py", line 882, in full_dispatch_request
    rv = self.handle_user_exception(e)
  File "C:\Users\91771\anaconda3\envs\myenv\lib\site-packages\flask\app.py", line 880, in full_dispatch_request
    rv = self.dispatch_request()
  File "C:\Users\91771\anaconda3\envs\myenv\lib\site-packages\flask\app.py", line 865, in dispatch_request
    return self.ensure_sync(self.view_functions[rule.endpoint])(**view_args)  # type: ignore[no-any-return]
  File "D:\fraud-detection-system\app.py", line 133, in detect_fraud
    X = preprocess_transaction(transaction)
  File "D:\fraud-detection-system\app.py", line 93, in preprocess_transaction
    X = scaler.transform(df)
  File "C:\Users\91771\anaconda3\envs\myenv\lib\site-packages\sklearn\utils\_set_output.py", line 157, in wrapped
    data_to_wrap = f(self, X, *args, **kwargs)
  File "C:\Users\91771\anaconda3\envs\myenv\lib\site-packages\sklearn\preprocessing\_data.py", line 1006, in transform
    X = self._validate_data(
  File "C:\Users\91771\anaconda3\envs\myenv\lib\site-packages\sklearn\base.py", line 580, in _validate_data
    self._check_feature_names(X, reset=reset)
  File "C:\Users\91771\anaconda3\envs\myenv\lib\site-packages\sklearn\base.py", line 507, in _check_feature_names
    raise ValueError(message)
ValueError: The feature names should match those that were passed during fit.
Feature names unseen at fit time:
- amount
- country_AU
- country_BR
- country_CA
- country_CN
- ...
Feature names seen at fit time, yet now missing:
- feature_0
- feature_1
- feature_2
- feature_3
- feature_4
- ...

2025-03-30 17:20:19,215 - werkzeug - INFO - 127.0.0.1 - - [30/Mar/2025 17:20:19] "[35m[1mPOST /api/detect HTTP/1.1[0m" 500 -
2025-03-30 17:20:21,780 - app - ERROR - Exception on /api/detect [POST]
Traceback (most recent call last):
  File "C:\Users\91771\anaconda3\envs\myenv\lib\site-packages\flask\app.py", line 1473, in wsgi_app
    response = self.full_dispatch_request()
  File "C:\Users\91771\anaconda3\envs\myenv\lib\site-packages\flask\app.py", line 882, in full_dispatch_request
    rv = self.handle_user_exception(e)
  File "C:\Users\91771\anaconda3\envs\myenv\lib\site-packages\flask\app.py", line 880, in full_dispatch_request
    rv = self.dispatch_request()
  File "C:\Users\91771\anaconda3\envs\myenv\lib\site-packages\flask\app.py", line 865, in dispatch_request
    return self.ensure_sync(self.view_functions[rule.endpoint])(**view_args)  # type: ignore[no-any-return]
  File "D:\fraud-detection-system\app.py", line 133, in detect_fraud
    X = preprocess_transaction(transaction)
  File "D:\fraud-detection-system\app.py", line 93, in preprocess_transaction
    X = scaler.transform(df)
  File "C:\Users\91771\anaconda3\envs\myenv\lib\site-packages\sklearn\utils\_set_output.py", line 157, in wrapped
    data_to_wrap = f(self, X, *args, **kwargs)
  File "C:\Users\91771\anaconda3\envs\myenv\lib\site-packages\sklearn\preprocessing\_data.py", line 1006, in transform
    X = self._validate_data(
  File "C:\Users\91771\anaconda3\envs\myenv\lib\site-packages\sklearn\base.py", line 580, in _validate_data
    self._check_feature_names(X, reset=reset)
  File "C:\Users\91771\anaconda3\envs\myenv\lib\site-packages\sklearn\base.py", line 507, in _check_feature_names
    raise ValueError(message)
ValueError: The feature names should match those that were passed during fit.
Feature names unseen at fit time:
- amount
- country_AU
- country_BR
- country_CA
- country_CN
- ...
Feature names seen at fit time, yet now missing:
- feature_0
- feature_1
- feature_2
- feature_3
- feature_4
- ...

2025-03-30 17:20:21,782 - werkzeug - INFO - 127.0.0.1 - - [30/Mar/2025 17:20:21] "[35m[1mPOST /api/detect HTTP/1.1[0m" 500 -
2025-03-30 17:20:24,341 - app - ERROR - Exception on /api/detect [POST]
Traceback (most recent call last):
  File "C:\Users\91771\anaconda3\envs\myenv\lib\site-packages\flask\app.py", line 1473, in wsgi_app
    response = self.full_dispatch_request()
  File "C:\Users\91771\anaconda3\envs\myenv\lib\site-packages\flask\app.py", line 882, in full_dispatch_request
    rv = self.handle_user_exception(e)
  File "C:\Users\91771\anaconda3\envs\myenv\lib\site-packages\flask\app.py", line 880, in full_dispatch_request
    rv = self.dispatch_request()
  File "C:\Users\91771\anaconda3\envs\myenv\lib\site-packages\flask\app.py", line 865, in dispatch_request
    return self.ensure_sync(self.view_functions[rule.endpoint])(**view_args)  # type: ignore[no-any-return]
  File "D:\fraud-detection-system\app.py", line 133, in detect_fraud
    X = preprocess_transaction(transaction)
  File "D:\fraud-detection-system\app.py", line 93, in preprocess_transaction
    X = scaler.transform(df)
  File "C:\Users\91771\anaconda3\envs\myenv\lib\site-packages\sklearn\utils\_set_output.py", line 157, in wrapped
    data_to_wrap = f(self, X, *args, **kwargs)
  File "C:\Users\91771\anaconda3\envs\myenv\lib\site-packages\sklearn\preprocessing\_data.py", line 1006, in transform
    X = self._validate_data(
  File "C:\Users\91771\anaconda3\envs\myenv\lib\site-packages\sklearn\base.py", line 580, in _validate_data
    self._check_feature_names(X, reset=reset)
  File "C:\Users\91771\anaconda3\envs\myenv\lib\site-packages\sklearn\base.py", line 507, in _check_feature_names
    raise ValueError(message)
ValueError: The feature names should match those that were passed during fit.
Feature names unseen at fit time:
- amount
- country_AU
- country_BR
- country_CA
- country_CN
- ...
Feature names seen at fit time, yet now missing:
- feature_0
- feature_1
- feature_2
- feature_3
- feature_4
- ...

2025-03-30 17:20:24,344 - werkzeug - INFO - 127.0.0.1 - - [30/Mar/2025 17:20:24] "[35m[1mPOST /api/detect HTTP/1.1[0m" 500 -
2025-03-30 17:20:26,890 - app - ERROR - Exception on /api/detect [POST]
Traceback (most recent call last):
  File "C:\Users\91771\anaconda3\envs\myenv\lib\site-packages\flask\app.py", line 1473, in wsgi_app
    response = self.full_dispatch_request()
  File "C:\Users\91771\anaconda3\envs\myenv\lib\site-packages\flask\app.py", line 882, in full_dispatch_request
    rv = self.handle_user_exception(e)
  File "C:\Users\91771\anaconda3\envs\myenv\lib\site-packages\flask\app.py", line 880, in full_dispatch_request
    rv = self.dispatch_request()
  File "C:\Users\91771\anaconda3\envs\myenv\lib\site-packages\flask\app.py", line 865, in dispatch_request
    return self.ensure_sync(self.view_functions[rule.endpoint])(**view_args)  # type: ignore[no-any-return]
  File "D:\fraud-detection-system\app.py", line 133, in detect_fraud
    X = preprocess_transaction(transaction)
  File "D:\fraud-detection-system\app.py", line 93, in preprocess_transaction
    X = scaler.transform(df)
  File "C:\Users\91771\anaconda3\envs\myenv\lib\site-packages\sklearn\utils\_set_output.py", line 157, in wrapped
    data_to_wrap = f(self, X, *args, **kwargs)
  File "C:\Users\91771\anaconda3\envs\myenv\lib\site-packages\sklearn\preprocessing\_data.py", line 1006, in transform
    X = self._validate_data(
  File "C:\Users\91771\anaconda3\envs\myenv\lib\site-packages\sklearn\base.py", line 580, in _validate_data
    self._check_feature_names(X, reset=reset)
  File "C:\Users\91771\anaconda3\envs\myenv\lib\site-packages\sklearn\base.py", line 507, in _check_feature_names
    raise ValueError(message)
ValueError: The feature names should match those that were passed during fit.
Feature names unseen at fit time:
- amount
- country_AU
- country_BR
- country_CA
- country_CN
- ...
Feature names seen at fit time, yet now missing:
- feature_0
- feature_1
- feature_2
- feature_3
- feature_4
- ...

2025-03-30 17:20:26,894 - werkzeug - INFO - 127.0.0.1 - - [30/Mar/2025 17:20:26] "[35m[1mPOST /api/detect HTTP/1.1[0m" 500 -
2025-03-30 17:20:29,438 - app - ERROR - Exception on /api/detect [POST]
Traceback (most recent call last):
  File "C:\Users\91771\anaconda3\envs\myenv\lib\site-packages\flask\app.py", line 1473, in wsgi_app
    response = self.full_dispatch_request()
  File "C:\Users\91771\anaconda3\envs\myenv\lib\site-packages\flask\app.py", line 882, in full_dispatch_request
    rv = self.handle_user_exception(e)
  File "C:\Users\91771\anaconda3\envs\myenv\lib\site-packages\flask\app.py", line 880, in full_dispatch_request
    rv = self.dispatch_request()
  File "C:\Users\91771\anaconda3\envs\myenv\lib\site-packages\flask\app.py", line 865, in dispatch_request
    return self.ensure_sync(self.view_functions[rule.endpoint])(**view_args)  # type: ignore[no-any-return]
  File "D:\fraud-detection-system\app.py", line 133, in detect_fraud
    X = preprocess_transaction(transaction)
  File "D:\fraud-detection-system\app.py", line 93, in preprocess_transaction
    X = scaler.transform(df)
  File "C:\Users\91771\anaconda3\envs\myenv\lib\site-packages\sklearn\utils\_set_output.py", line 157, in wrapped
    data_to_wrap = f(self, X, *args, **kwargs)
  File "C:\Users\91771\anaconda3\envs\myenv\lib\site-packages\sklearn\preprocessing\_data.py", line 1006, in transform
    X = self._validate_data(
  File "C:\Users\91771\anaconda3\envs\myenv\lib\site-packages\sklearn\base.py", line 580, in _validate_data
    self._check_feature_names(X, reset=reset)
  File "C:\Users\91771\anaconda3\envs\myenv\lib\site-packages\sklearn\base.py", line 507, in _check_feature_names
    raise ValueError(message)
ValueError: The feature names should match those that were passed during fit.
Feature names unseen at fit time:
- amount
- country_AU
- country_BR
- country_CA
- country_CN
- ...
Feature names seen at fit time, yet now missing:
- feature_0
- feature_1
- feature_2
- feature_3
- feature_4
- ...

2025-03-30 17:20:29,441 - werkzeug - INFO - 127.0.0.1 - - [30/Mar/2025 17:20:29] "[35m[1mPOST /api/detect HTTP/1.1[0m" 500 -
2025-03-30 17:20:31,994 - app - ERROR - Exception on /api/detect [POST]
Traceback (most recent call last):
  File "C:\Users\91771\anaconda3\envs\myenv\lib\site-packages\flask\app.py", line 1473, in wsgi_app
    response = self.full_dispatch_request()
  File "C:\Users\91771\anaconda3\envs\myenv\lib\site-packages\flask\app.py", line 882, in full_dispatch_request
    rv = self.handle_user_exception(e)
  File "C:\Users\91771\anaconda3\envs\myenv\lib\site-packages\flask\app.py", line 880, in full_dispatch_request
    rv = self.dispatch_request()
  File "C:\Users\91771\anaconda3\envs\myenv\lib\site-packages\flask\app.py", line 865, in dispatch_request
    return self.ensure_sync(self.view_functions[rule.endpoint])(**view_args)  # type: ignore[no-any-return]
  File "D:\fraud-detection-system\app.py", line 133, in detect_fraud
    X = preprocess_transaction(transaction)
  File "D:\fraud-detection-system\app.py", line 93, in preprocess_transaction
    X = scaler.transform(df)
  File "C:\Users\91771\anaconda3\envs\myenv\lib\site-packages\sklearn\utils\_set_output.py", line 157, in wrapped
    data_to_wrap = f(self, X, *args, **kwargs)
  File "C:\Users\91771\anaconda3\envs\myenv\lib\site-packages\sklearn\preprocessing\_data.py", line 1006, in transform
    X = self._validate_data(
  File "C:\Users\91771\anaconda3\envs\myenv\lib\site-packages\sklearn\base.py", line 580, in _validate_data
    self._check_feature_names(X, reset=reset)
  File "C:\Users\91771\anaconda3\envs\myenv\lib\site-packages\sklearn\base.py", line 507, in _check_feature_names
    raise ValueError(message)
ValueError: The feature names should match those that were passed during fit.
Feature names unseen at fit time:
- amount
- country_AU
- country_BR
- country_CA
- country_CN
- ...
Feature names seen at fit time, yet now missing:
- feature_0
- feature_1
- feature_2
- feature_3
- feature_4
- ...

2025-03-30 17:20:31,997 - werkzeug - INFO - 127.0.0.1 - - [30/Mar/2025 17:20:31] "[35m[1mPOST /api/detect HTTP/1.1[0m" 500 -
2025-03-30 17:20:34,551 - app - ERROR - Exception on /api/detect [POST]
Traceback (most recent call last):
  File "C:\Users\91771\anaconda3\envs\myenv\lib\site-packages\flask\app.py", line 1473, in wsgi_app
    response = self.full_dispatch_request()
  File "C:\Users\91771\anaconda3\envs\myenv\lib\site-packages\flask\app.py", line 882, in full_dispatch_request
    rv = self.handle_user_exception(e)
  File "C:\Users\91771\anaconda3\envs\myenv\lib\site-packages\flask\app.py", line 880, in full_dispatch_request
    rv = self.dispatch_request()
  File "C:\Users\91771\anaconda3\envs\myenv\lib\site-packages\flask\app.py", line 865, in dispatch_request
    return self.ensure_sync(self.view_functions[rule.endpoint])(**view_args)  # type: ignore[no-any-return]
  File "D:\fraud-detection-system\app.py", line 133, in detect_fraud
    X = preprocess_transaction(transaction)
  File "D:\fraud-detection-system\app.py", line 93, in preprocess_transaction
    X = scaler.transform(df)
  File "C:\Users\91771\anaconda3\envs\myenv\lib\site-packages\sklearn\utils\_set_output.py", line 157, in wrapped
    data_to_wrap = f(self, X, *args, **kwargs)
  File "C:\Users\91771\anaconda3\envs\myenv\lib\site-packages\sklearn\preprocessing\_data.py", line 1006, in transform
    X = self._validate_data(
  File "C:\Users\91771\anaconda3\envs\myenv\lib\site-packages\sklearn\base.py", line 580, in _validate_data
    self._check_feature_names(X, reset=reset)
  File "C:\Users\91771\anaconda3\envs\myenv\lib\site-packages\sklearn\base.py", line 507, in _check_feature_names
    raise ValueError(message)
ValueError: The feature names should match those that were passed during fit.
Feature names unseen at fit time:
- amount
- country_AU
- country_BR
- country_CA
- country_CN
- ...
Feature names seen at fit time, yet now missing:
- feature_0
- feature_1
- feature_2
- feature_3
- feature_4
- ...

2025-03-30 17:20:34,554 - werkzeug - INFO - 127.0.0.1 - - [30/Mar/2025 17:20:34] "[35m[1mPOST /api/detect HTTP/1.1[0m" 500 -
2025-03-30 17:20:37,107 - app - ERROR - Exception on /api/detect [POST]
Traceback (most recent call last):
  File "C:\Users\91771\anaconda3\envs\myenv\lib\site-packages\flask\app.py", line 1473, in wsgi_app
    response = self.full_dispatch_request()
  File "C:\Users\91771\anaconda3\envs\myenv\lib\site-packages\flask\app.py", line 882, in full_dispatch_request
    rv = self.handle_user_exception(e)
  File "C:\Users\91771\anaconda3\envs\myenv\lib\site-packages\flask\app.py", line 880, in full_dispatch_request
    rv = self.dispatch_request()
  File "C:\Users\91771\anaconda3\envs\myenv\lib\site-packages\flask\app.py", line 865, in dispatch_request
    return self.ensure_sync(self.view_functions[rule.endpoint])(**view_args)  # type: ignore[no-any-return]
  File "D:\fraud-detection-system\app.py", line 133, in detect_fraud
    X = preprocess_transaction(transaction)
  File "D:\fraud-detection-system\app.py", line 93, in preprocess_transaction
    X = scaler.transform(df)
  File "C:\Users\91771\anaconda3\envs\myenv\lib\site-packages\sklearn\utils\_set_output.py", line 157, in wrapped
    data_to_wrap = f(self, X, *args, **kwargs)
  File "C:\Users\91771\anaconda3\envs\myenv\lib\site-packages\sklearn\preprocessing\_data.py", line 1006, in transform
    X = self._validate_data(
  File "C:\Users\91771\anaconda3\envs\myenv\lib\site-packages\sklearn\base.py", line 580, in _validate_data
    self._check_feature_names(X, reset=reset)
  File "C:\Users\91771\anaconda3\envs\myenv\lib\site-packages\sklearn\base.py", line 507, in _check_feature_names
    raise ValueError(message)
ValueError: The feature names should match those that were passed during fit.
Feature names unseen at fit time:
- amount
- country_AU
- country_BR
- country_CA
- country_CN
- ...
Feature names seen at fit time, yet now missing:
- feature_0
- feature_1
- feature_2
- feature_3
- feature_4
- ...

2025-03-30 17:20:37,110 - werkzeug - INFO - 127.0.0.1 - - [30/Mar/2025 17:20:37] "[35m[1mPOST /api/detect HTTP/1.1[0m" 500 -
2025-03-30 17:20:39,660 - app - ERROR - Exception on /api/detect [POST]
Traceback (most recent call last):
  File "C:\Users\91771\anaconda3\envs\myenv\lib\site-packages\flask\app.py", line 1473, in wsgi_app
    response = self.full_dispatch_request()
  File "C:\Users\91771\anaconda3\envs\myenv\lib\site-packages\flask\app.py", line 882, in full_dispatch_request
    rv = self.handle_user_exception(e)
  File "C:\Users\91771\anaconda3\envs\myenv\lib\site-packages\flask\app.py", line 880, in full_dispatch_request
    rv = self.dispatch_request()
  File "C:\Users\91771\anaconda3\envs\myenv\lib\site-packages\flask\app.py", line 865, in dispatch_request
    return self.ensure_sync(self.view_functions[rule.endpoint])(**view_args)  # type: ignore[no-any-return]
  File "D:\fraud-detection-system\app.py", line 133, in detect_fraud
    X = preprocess_transaction(transaction)
  File "D:\fraud-detection-system\app.py", line 93, in preprocess_transaction
    X = scaler.transform(df)
  File "C:\Users\91771\anaconda3\envs\myenv\lib\site-packages\sklearn\utils\_set_output.py", line 157, in wrapped
    data_to_wrap = f(self, X, *args, **kwargs)
  File "C:\Users\91771\anaconda3\envs\myenv\lib\site-packages\sklearn\preprocessing\_data.py", line 1006, in transform
    X = self._validate_data(
  File "C:\Users\91771\anaconda3\envs\myenv\lib\site-packages\sklearn\base.py", line 580, in _validate_data
    self._check_feature_names(X, reset=reset)
  File "C:\Users\91771\anaconda3\envs\myenv\lib\site-packages\sklearn\base.py", line 507, in _check_feature_names
    raise ValueError(message)
ValueError: The feature names should match those that were passed during fit.
Feature names unseen at fit time:
- amount
- country_AU
- country_BR
- country_CA
- country_CN
- ...
Feature names seen at fit time, yet now missing:
- feature_0
- feature_1
- feature_2
- feature_3
- feature_4
- ...

2025-03-30 17:20:39,662 - werkzeug - INFO - 127.0.0.1 - - [30/Mar/2025 17:20:39] "[35m[1mPOST /api/detect HTTP/1.1[0m" 500 -
2025-03-30 17:20:42,223 - app - ERROR - Exception on /api/detect [POST]
Traceback (most recent call last):
  File "C:\Users\91771\anaconda3\envs\myenv\lib\site-packages\flask\app.py", line 1473, in wsgi_app
    response = self.full_dispatch_request()
  File "C:\Users\91771\anaconda3\envs\myenv\lib\site-packages\flask\app.py", line 882, in full_dispatch_request
    rv = self.handle_user_exception(e)
  File "C:\Users\91771\anaconda3\envs\myenv\lib\site-packages\flask\app.py", line 880, in full_dispatch_request
    rv = self.dispatch_request()
  File "C:\Users\91771\anaconda3\envs\myenv\lib\site-packages\flask\app.py", line 865, in dispatch_request
    return self.ensure_sync(self.view_functions[rule.endpoint])(**view_args)  # type: ignore[no-any-return]
  File "D:\fraud-detection-system\app.py", line 133, in detect_fraud
    X = preprocess_transaction(transaction)
  File "D:\fraud-detection-system\app.py", line 93, in preprocess_transaction
    X = scaler.transform(df)
  File "C:\Users\91771\anaconda3\envs\myenv\lib\site-packages\sklearn\utils\_set_output.py", line 157, in wrapped
    data_to_wrap = f(self, X, *args, **kwargs)
  File "C:\Users\91771\anaconda3\envs\myenv\lib\site-packages\sklearn\preprocessing\_data.py", line 1006, in transform
    X = self._validate_data(
  File "C:\Users\91771\anaconda3\envs\myenv\lib\site-packages\sklearn\base.py", line 580, in _validate_data
    self._check_feature_names(X, reset=reset)
  File "C:\Users\91771\anaconda3\envs\myenv\lib\site-packages\sklearn\base.py", line 507, in _check_feature_names
    raise ValueError(message)
ValueError: The feature names should match those that were passed during fit.
Feature names unseen at fit time:
- amount
- country_AU
- country_BR
- country_CA
- country_CN
- ...
Feature names seen at fit time, yet now missing:
- feature_0
- feature_1
- feature_2
- feature_3
- feature_4
- ...

2025-03-30 17:20:42,226 - werkzeug - INFO - 127.0.0.1 - - [30/Mar/2025 17:20:42] "[35m[1mPOST /api/detect HTTP/1.1[0m" 500 -
2025-03-30 17:20:44,780 - app - ERROR - Exception on /api/detect [POST]
Traceback (most recent call last):
  File "C:\Users\91771\anaconda3\envs\myenv\lib\site-packages\flask\app.py", line 1473, in wsgi_app
    response = self.full_dispatch_request()
  File "C:\Users\91771\anaconda3\envs\myenv\lib\site-packages\flask\app.py", line 882, in full_dispatch_request
    rv = self.handle_user_exception(e)
  File "C:\Users\91771\anaconda3\envs\myenv\lib\site-packages\flask\app.py", line 880, in full_dispatch_request
    rv = self.dispatch_request()
  File "C:\Users\91771\anaconda3\envs\myenv\lib\site-packages\flask\app.py", line 865, in dispatch_request
    return self.ensure_sync(self.view_functions[rule.endpoint])(**view_args)  # type: ignore[no-any-return]
  File "D:\fraud-detection-system\app.py", line 133, in detect_fraud
    X = preprocess_transaction(transaction)
  File "D:\fraud-detection-system\app.py", line 93, in preprocess_transaction
    X = scaler.transform(df)
  File "C:\Users\91771\anaconda3\envs\myenv\lib\site-packages\sklearn\utils\_set_output.py", line 157, in wrapped
    data_to_wrap = f(self, X, *args, **kwargs)
  File "C:\Users\91771\anaconda3\envs\myenv\lib\site-packages\sklearn\preprocessing\_data.py", line 1006, in transform
    X = self._validate_data(
  File "C:\Users\91771\anaconda3\envs\myenv\lib\site-packages\sklearn\base.py", line 580, in _validate_data
    self._check_feature_names(X, reset=reset)
  File "C:\Users\91771\anaconda3\envs\myenv\lib\site-packages\sklearn\base.py", line 507, in _check_feature_names
    raise ValueError(message)
ValueError: The feature names should match those that were passed during fit.
Feature names unseen at fit time:
- amount
- country_AU
- country_BR
- country_CA
- country_CN
- ...
Feature names seen at fit time, yet now missing:
- feature_0
- feature_1
- feature_2
- feature_3
- feature_4
- ...

2025-03-30 17:20:44,782 - werkzeug - INFO - 127.0.0.1 - - [30/Mar/2025 17:20:44] "[35m[1mPOST /api/detect HTTP/1.1[0m" 500 -
2025-03-30 17:20:47,339 - app - ERROR - Exception on /api/detect [POST]
Traceback (most recent call last):
  File "C:\Users\91771\anaconda3\envs\myenv\lib\site-packages\flask\app.py", line 1473, in wsgi_app
    response = self.full_dispatch_request()
  File "C:\Users\91771\anaconda3\envs\myenv\lib\site-packages\flask\app.py", line 882, in full_dispatch_request
    rv = self.handle_user_exception(e)
  File "C:\Users\91771\anaconda3\envs\myenv\lib\site-packages\flask\app.py", line 880, in full_dispatch_request
    rv = self.dispatch_request()
  File "C:\Users\91771\anaconda3\envs\myenv\lib\site-packages\flask\app.py", line 865, in dispatch_request
    return self.ensure_sync(self.view_functions[rule.endpoint])(**view_args)  # type: ignore[no-any-return]
  File "D:\fraud-detection-system\app.py", line 133, in detect_fraud
    X = preprocess_transaction(transaction)
  File "D:\fraud-detection-system\app.py", line 93, in preprocess_transaction
    X = scaler.transform(df)
  File "C:\Users\91771\anaconda3\envs\myenv\lib\site-packages\sklearn\utils\_set_output.py", line 157, in wrapped
    data_to_wrap = f(self, X, *args, **kwargs)
  File "C:\Users\91771\anaconda3\envs\myenv\lib\site-packages\sklearn\preprocessing\_data.py", line 1006, in transform
    X = self._validate_data(
  File "C:\Users\91771\anaconda3\envs\myenv\lib\site-packages\sklearn\base.py", line 580, in _validate_data
    self._check_feature_names(X, reset=reset)
  File "C:\Users\91771\anaconda3\envs\myenv\lib\site-packages\sklearn\base.py", line 507, in _check_feature_names
    raise ValueError(message)
ValueError: The feature names should match those that were passed during fit.
Feature names unseen at fit time:
- amount
- country_AU
- country_BR
- country_CA
- country_CN
- ...
Feature names seen at fit time, yet now missing:
- feature_0
- feature_1
- feature_2
- feature_3
- feature_4
- ...

2025-03-30 17:20:47,341 - werkzeug - INFO - 127.0.0.1 - - [30/Mar/2025 17:20:47] "[35m[1mPOST /api/detect HTTP/1.1[0m" 500 -
2025-03-30 17:20:49,902 - app - ERROR - Exception on /api/detect [POST]
Traceback (most recent call last):
  File "C:\Users\91771\anaconda3\envs\myenv\lib\site-packages\flask\app.py", line 1473, in wsgi_app
    response = self.full_dispatch_request()
  File "C:\Users\91771\anaconda3\envs\myenv\lib\site-packages\flask\app.py", line 882, in full_dispatch_request
    rv = self.handle_user_exception(e)
  File "C:\Users\91771\anaconda3\envs\myenv\lib\site-packages\flask\app.py", line 880, in full_dispatch_request
    rv = self.dispatch_request()
  File "C:\Users\91771\anaconda3\envs\myenv\lib\site-packages\flask\app.py", line 865, in dispatch_request
    return self.ensure_sync(self.view_functions[rule.endpoint])(**view_args)  # type: ignore[no-any-return]
  File "D:\fraud-detection-system\app.py", line 133, in detect_fraud
    X = preprocess_transaction(transaction)
  File "D:\fraud-detection-system\app.py", line 93, in preprocess_transaction
    X = scaler.transform(df)
  File "C:\Users\91771\anaconda3\envs\myenv\lib\site-packages\sklearn\utils\_set_output.py", line 157, in wrapped
    data_to_wrap = f(self, X, *args, **kwargs)
  File "C:\Users\91771\anaconda3\envs\myenv\lib\site-packages\sklearn\preprocessing\_data.py", line 1006, in transform
    X = self._validate_data(
  File "C:\Users\91771\anaconda3\envs\myenv\lib\site-packages\sklearn\base.py", line 580, in _validate_data
    self._check_feature_names(X, reset=reset)
  File "C:\Users\91771\anaconda3\envs\myenv\lib\site-packages\sklearn\base.py", line 507, in _check_feature_names
    raise ValueError(message)
ValueError: The feature names should match those that were passed during fit.
Feature names unseen at fit time:
- amount
- country_AU
- country_BR
- country_CA
- country_CN
- ...
Feature names seen at fit time, yet now missing:
- feature_0
- feature_1
- feature_2
- feature_3
- feature_4
- ...

2025-03-30 17:20:49,904 - werkzeug - INFO - 127.0.0.1 - - [30/Mar/2025 17:20:49] "[35m[1mPOST /api/detect HTTP/1.1[0m" 500 -
2025-03-30 17:20:50,556 - werkzeug - INFO - 127.0.0.1 - - [30/Mar/2025 17:20:50] "GET / HTTP/1.1" 200 -
2025-03-30 17:20:50,786 - werkzeug - INFO - 127.0.0.1 - - [30/Mar/2025 17:20:50] "GET /api/summary?days=30 HTTP/1.1" 200 -
2025-03-30 17:20:50,808 - werkzeug - INFO - 127.0.0.1 - - [30/Mar/2025 17:20:50] "GET /api/performance?days=30 HTTP/1.1" 200 -
2025-03-30 17:20:52,472 - app - ERROR - Exception on /api/detect [POST]
Traceback (most recent call last):
  File "C:\Users\91771\anaconda3\envs\myenv\lib\site-packages\flask\app.py", line 1473, in wsgi_app
    response = self.full_dispatch_request()
  File "C:\Users\91771\anaconda3\envs\myenv\lib\site-packages\flask\app.py", line 882, in full_dispatch_request
    rv = self.handle_user_exception(e)
  File "C:\Users\91771\anaconda3\envs\myenv\lib\site-packages\flask\app.py", line 880, in full_dispatch_request
    rv = self.dispatch_request()
  File "C:\Users\91771\anaconda3\envs\myenv\lib\site-packages\flask\app.py", line 865, in dispatch_request
    return self.ensure_sync(self.view_functions[rule.endpoint])(**view_args)  # type: ignore[no-any-return]
  File "D:\fraud-detection-system\app.py", line 133, in detect_fraud
    X = preprocess_transaction(transaction)
  File "D:\fraud-detection-system\app.py", line 93, in preprocess_transaction
    X = scaler.transform(df)
  File "C:\Users\91771\anaconda3\envs\myenv\lib\site-packages\sklearn\utils\_set_output.py", line 157, in wrapped
    data_to_wrap = f(self, X, *args, **kwargs)
  File "C:\Users\91771\anaconda3\envs\myenv\lib\site-packages\sklearn\preprocessing\_data.py", line 1006, in transform
    X = self._validate_data(
  File "C:\Users\91771\anaconda3\envs\myenv\lib\site-packages\sklearn\base.py", line 580, in _validate_data
    self._check_feature_names(X, reset=reset)
  File "C:\Users\91771\anaconda3\envs\myenv\lib\site-packages\sklearn\base.py", line 507, in _check_feature_names
    raise ValueError(message)
ValueError: The feature names should match those that were passed during fit.
Feature names unseen at fit time:
- amount
- country_AU
- country_BR
- country_CA
- country_CN
- ...
Feature names seen at fit time, yet now missing:
- feature_0
- feature_1
- feature_2
- feature_3
- feature_4
- ...

2025-03-30 17:20:52,475 - werkzeug - INFO - 127.0.0.1 - - [30/Mar/2025 17:20:52] "[35m[1mPOST /api/detect HTTP/1.1[0m" 500 -
2025-03-30 17:20:55,021 - app - ERROR - Exception on /api/detect [POST]
Traceback (most recent call last):
  File "C:\Users\91771\anaconda3\envs\myenv\lib\site-packages\flask\app.py", line 1473, in wsgi_app
    response = self.full_dispatch_request()
  File "C:\Users\91771\anaconda3\envs\myenv\lib\site-packages\flask\app.py", line 882, in full_dispatch_request
    rv = self.handle_user_exception(e)
  File "C:\Users\91771\anaconda3\envs\myenv\lib\site-packages\flask\app.py", line 880, in full_dispatch_request
    rv = self.dispatch_request()
  File "C:\Users\91771\anaconda3\envs\myenv\lib\site-packages\flask\app.py", line 865, in dispatch_request
    return self.ensure_sync(self.view_functions[rule.endpoint])(**view_args)  # type: ignore[no-any-return]
  File "D:\fraud-detection-system\app.py", line 133, in detect_fraud
    X = preprocess_transaction(transaction)
  File "D:\fraud-detection-system\app.py", line 93, in preprocess_transaction
    X = scaler.transform(df)
  File "C:\Users\91771\anaconda3\envs\myenv\lib\site-packages\sklearn\utils\_set_output.py", line 157, in wrapped
    data_to_wrap = f(self, X, *args, **kwargs)
  File "C:\Users\91771\anaconda3\envs\myenv\lib\site-packages\sklearn\preprocessing\_data.py", line 1006, in transform
    X = self._validate_data(
  File "C:\Users\91771\anaconda3\envs\myenv\lib\site-packages\sklearn\base.py", line 580, in _validate_data
    self._check_feature_names(X, reset=reset)
  File "C:\Users\91771\anaconda3\envs\myenv\lib\site-packages\sklearn\base.py", line 507, in _check_feature_names
    raise ValueError(message)
ValueError: The feature names should match those that were passed during fit.
Feature names unseen at fit time:
- amount
- country_AU
- country_BR
- country_CA
- country_CN
- ...
Feature names seen at fit time, yet now missing:
- feature_0
- feature_1
- feature_2
- feature_3
- feature_4
- ...

2025-03-30 17:20:55,024 - werkzeug - INFO - 127.0.0.1 - - [30/Mar/2025 17:20:55] "[35m[1mPOST /api/detect HTTP/1.1[0m" 500 -
2025-03-30 17:20:57,570 - app - ERROR - Exception on /api/detect [POST]
Traceback (most recent call last):
  File "C:\Users\91771\anaconda3\envs\myenv\lib\site-packages\flask\app.py", line 1473, in wsgi_app
    response = self.full_dispatch_request()
  File "C:\Users\91771\anaconda3\envs\myenv\lib\site-packages\flask\app.py", line 882, in full_dispatch_request
    rv = self.handle_user_exception(e)
  File "C:\Users\91771\anaconda3\envs\myenv\lib\site-packages\flask\app.py", line 880, in full_dispatch_request
    rv = self.dispatch_request()
  File "C:\Users\91771\anaconda3\envs\myenv\lib\site-packages\flask\app.py", line 865, in dispatch_request
    return self.ensure_sync(self.view_functions[rule.endpoint])(**view_args)  # type: ignore[no-any-return]
  File "D:\fraud-detection-system\app.py", line 133, in detect_fraud
    X = preprocess_transaction(transaction)
  File "D:\fraud-detection-system\app.py", line 93, in preprocess_transaction
    X = scaler.transform(df)
  File "C:\Users\91771\anaconda3\envs\myenv\lib\site-packages\sklearn\utils\_set_output.py", line 157, in wrapped
    data_to_wrap = f(self, X, *args, **kwargs)
  File "C:\Users\91771\anaconda3\envs\myenv\lib\site-packages\sklearn\preprocessing\_data.py", line 1006, in transform
    X = self._validate_data(
  File "C:\Users\91771\anaconda3\envs\myenv\lib\site-packages\sklearn\base.py", line 580, in _validate_data
    self._check_feature_names(X, reset=reset)
  File "C:\Users\91771\anaconda3\envs\myenv\lib\site-packages\sklearn\base.py", line 507, in _check_feature_names
    raise ValueError(message)
ValueError: The feature names should match those that were passed during fit.
Feature names unseen at fit time:
- amount
- country_AU
- country_BR
- country_CA
- country_CN
- ...
Feature names seen at fit time, yet now missing:
- feature_0
- feature_1
- feature_2
- feature_3
- feature_4
- ...

2025-03-30 17:20:57,572 - werkzeug - INFO - 127.0.0.1 - - [30/Mar/2025 17:20:57] "[35m[1mPOST /api/detect HTTP/1.1[0m" 500 -
2025-03-30 17:21:00,114 - app - ERROR - Exception on /api/detect [POST]
Traceback (most recent call last):
  File "C:\Users\91771\anaconda3\envs\myenv\lib\site-packages\flask\app.py", line 1473, in wsgi_app
    response = self.full_dispatch_request()
  File "C:\Users\91771\anaconda3\envs\myenv\lib\site-packages\flask\app.py", line 882, in full_dispatch_request
    rv = self.handle_user_exception(e)
  File "C:\Users\91771\anaconda3\envs\myenv\lib\site-packages\flask\app.py", line 880, in full_dispatch_request
    rv = self.dispatch_request()
  File "C:\Users\91771\anaconda3\envs\myenv\lib\site-packages\flask\app.py", line 865, in dispatch_request
    return self.ensure_sync(self.view_functions[rule.endpoint])(**view_args)  # type: ignore[no-any-return]
  File "D:\fraud-detection-system\app.py", line 133, in detect_fraud
    X = preprocess_transaction(transaction)
  File "D:\fraud-detection-system\app.py", line 93, in preprocess_transaction
    X = scaler.transform(df)
  File "C:\Users\91771\anaconda3\envs\myenv\lib\site-packages\sklearn\utils\_set_output.py", line 157, in wrapped
    data_to_wrap = f(self, X, *args, **kwargs)
  File "C:\Users\91771\anaconda3\envs\myenv\lib\site-packages\sklearn\preprocessing\_data.py", line 1006, in transform
    X = self._validate_data(
  File "C:\Users\91771\anaconda3\envs\myenv\lib\site-packages\sklearn\base.py", line 580, in _validate_data
    self._check_feature_names(X, reset=reset)
  File "C:\Users\91771\anaconda3\envs\myenv\lib\site-packages\sklearn\base.py", line 507, in _check_feature_names
    raise ValueError(message)
ValueError: The feature names should match those that were passed during fit.
Feature names unseen at fit time:
- amount
- country_AU
- country_BR
- country_CA
- country_CN
- ...
Feature names seen at fit time, yet now missing:
- feature_0
- feature_1
- feature_2
- feature_3
- feature_4
- ...

2025-03-30 17:21:00,116 - werkzeug - INFO - 127.0.0.1 - - [30/Mar/2025 17:21:00] "[35m[1mPOST /api/detect HTTP/1.1[0m" 500 -
2025-03-30 17:21:02,656 - app - ERROR - Exception on /api/detect [POST]
Traceback (most recent call last):
  File "C:\Users\91771\anaconda3\envs\myenv\lib\site-packages\flask\app.py", line 1473, in wsgi_app
    response = self.full_dispatch_request()
  File "C:\Users\91771\anaconda3\envs\myenv\lib\site-packages\flask\app.py", line 882, in full_dispatch_request
    rv = self.handle_user_exception(e)
  File "C:\Users\91771\anaconda3\envs\myenv\lib\site-packages\flask\app.py", line 880, in full_dispatch_request
    rv = self.dispatch_request()
  File "C:\Users\91771\anaconda3\envs\myenv\lib\site-packages\flask\app.py", line 865, in dispatch_request
    return self.ensure_sync(self.view_functions[rule.endpoint])(**view_args)  # type: ignore[no-any-return]
  File "D:\fraud-detection-system\app.py", line 133, in detect_fraud
    X = preprocess_transaction(transaction)
  File "D:\fraud-detection-system\app.py", line 93, in preprocess_transaction
    X = scaler.transform(df)
  File "C:\Users\91771\anaconda3\envs\myenv\lib\site-packages\sklearn\utils\_set_output.py", line 157, in wrapped
    data_to_wrap = f(self, X, *args, **kwargs)
  File "C:\Users\91771\anaconda3\envs\myenv\lib\site-packages\sklearn\preprocessing\_data.py", line 1006, in transform
    X = self._validate_data(
  File "C:\Users\91771\anaconda3\envs\myenv\lib\site-packages\sklearn\base.py", line 580, in _validate_data
    self._check_feature_names(X, reset=reset)
  File "C:\Users\91771\anaconda3\envs\myenv\lib\site-packages\sklearn\base.py", line 507, in _check_feature_names
    raise ValueError(message)
ValueError: The feature names should match those that were passed during fit.
Feature names unseen at fit time:
- amount
- country_AU
- country_BR
- country_CA
- country_CN
- ...
Feature names seen at fit time, yet now missing:
- feature_0
- feature_1
- feature_2
- feature_3
- feature_4
- ...

2025-03-30 17:21:02,659 - werkzeug - INFO - 127.0.0.1 - - [30/Mar/2025 17:21:02] "[35m[1mPOST /api/detect HTTP/1.1[0m" 500 -
2025-03-30 17:21:05,212 - app - ERROR - Exception on /api/detect [POST]
Traceback (most recent call last):
  File "C:\Users\91771\anaconda3\envs\myenv\lib\site-packages\flask\app.py", line 1473, in wsgi_app
    response = self.full_dispatch_request()
  File "C:\Users\91771\anaconda3\envs\myenv\lib\site-packages\flask\app.py", line 882, in full_dispatch_request
    rv = self.handle_user_exception(e)
  File "C:\Users\91771\anaconda3\envs\myenv\lib\site-packages\flask\app.py", line 880, in full_dispatch_request
    rv = self.dispatch_request()
  File "C:\Users\91771\anaconda3\envs\myenv\lib\site-packages\flask\app.py", line 865, in dispatch_request
    return self.ensure_sync(self.view_functions[rule.endpoint])(**view_args)  # type: ignore[no-any-return]
  File "D:\fraud-detection-system\app.py", line 133, in detect_fraud
    X = preprocess_transaction(transaction)
  File "D:\fraud-detection-system\app.py", line 93, in preprocess_transaction
    X = scaler.transform(df)
  File "C:\Users\91771\anaconda3\envs\myenv\lib\site-packages\sklearn\utils\_set_output.py", line 157, in wrapped
    data_to_wrap = f(self, X, *args, **kwargs)
  File "C:\Users\91771\anaconda3\envs\myenv\lib\site-packages\sklearn\preprocessing\_data.py", line 1006, in transform
    X = self._validate_data(
  File "C:\Users\91771\anaconda3\envs\myenv\lib\site-packages\sklearn\base.py", line 580, in _validate_data
    self._check_feature_names(X, reset=reset)
  File "C:\Users\91771\anaconda3\envs\myenv\lib\site-packages\sklearn\base.py", line 507, in _check_feature_names
    raise ValueError(message)
ValueError: The feature names should match those that were passed during fit.
Feature names unseen at fit time:
- amount
- country_AU
- country_BR
- country_CA
- country_CN
- ...
Feature names seen at fit time, yet now missing:
- feature_0
- feature_1
- feature_2
- feature_3
- feature_4
- ...

2025-03-30 17:21:05,213 - werkzeug - INFO - 127.0.0.1 - - [30/Mar/2025 17:21:05] "[35m[1mPOST /api/detect HTTP/1.1[0m" 500 -
2025-03-30 17:21:07,766 - app - ERROR - Exception on /api/detect [POST]
Traceback (most recent call last):
  File "C:\Users\91771\anaconda3\envs\myenv\lib\site-packages\flask\app.py", line 1473, in wsgi_app
    response = self.full_dispatch_request()
  File "C:\Users\91771\anaconda3\envs\myenv\lib\site-packages\flask\app.py", line 882, in full_dispatch_request
    rv = self.handle_user_exception(e)
  File "C:\Users\91771\anaconda3\envs\myenv\lib\site-packages\flask\app.py", line 880, in full_dispatch_request
    rv = self.dispatch_request()
  File "C:\Users\91771\anaconda3\envs\myenv\lib\site-packages\flask\app.py", line 865, in dispatch_request
    return self.ensure_sync(self.view_functions[rule.endpoint])(**view_args)  # type: ignore[no-any-return]
  File "D:\fraud-detection-system\app.py", line 133, in detect_fraud
    X = preprocess_transaction(transaction)
  File "D:\fraud-detection-system\app.py", line 93, in preprocess_transaction
    X = scaler.transform(df)
  File "C:\Users\91771\anaconda3\envs\myenv\lib\site-packages\sklearn\utils\_set_output.py", line 157, in wrapped
    data_to_wrap = f(self, X, *args, **kwargs)
  File "C:\Users\91771\anaconda3\envs\myenv\lib\site-packages\sklearn\preprocessing\_data.py", line 1006, in transform
    X = self._validate_data(
  File "C:\Users\91771\anaconda3\envs\myenv\lib\site-packages\sklearn\base.py", line 580, in _validate_data
    self._check_feature_names(X, reset=reset)
  File "C:\Users\91771\anaconda3\envs\myenv\lib\site-packages\sklearn\base.py", line 507, in _check_feature_names
    raise ValueError(message)
ValueError: The feature names should match those that were passed during fit.
Feature names unseen at fit time:
- amount
- country_AU
- country_BR
- country_CA
- country_CN
- ...
Feature names seen at fit time, yet now missing:
- feature_0
- feature_1
- feature_2
- feature_3
- feature_4
- ...

2025-03-30 17:21:07,768 - werkzeug - INFO - 127.0.0.1 - - [30/Mar/2025 17:21:07] "[35m[1mPOST /api/detect HTTP/1.1[0m" 500 -
2025-03-30 17:21:10,327 - app - ERROR - Exception on /api/detect [POST]
Traceback (most recent call last):
  File "C:\Users\91771\anaconda3\envs\myenv\lib\site-packages\flask\app.py", line 1473, in wsgi_app
    response = self.full_dispatch_request()
  File "C:\Users\91771\anaconda3\envs\myenv\lib\site-packages\flask\app.py", line 882, in full_dispatch_request
    rv = self.handle_user_exception(e)
  File "C:\Users\91771\anaconda3\envs\myenv\lib\site-packages\flask\app.py", line 880, in full_dispatch_request
    rv = self.dispatch_request()
  File "C:\Users\91771\anaconda3\envs\myenv\lib\site-packages\flask\app.py", line 865, in dispatch_request
    return self.ensure_sync(self.view_functions[rule.endpoint])(**view_args)  # type: ignore[no-any-return]
  File "D:\fraud-detection-system\app.py", line 133, in detect_fraud
    X = preprocess_transaction(transaction)
  File "D:\fraud-detection-system\app.py", line 93, in preprocess_transaction
    X = scaler.transform(df)
  File "C:\Users\91771\anaconda3\envs\myenv\lib\site-packages\sklearn\utils\_set_output.py", line 157, in wrapped
    data_to_wrap = f(self, X, *args, **kwargs)
  File "C:\Users\91771\anaconda3\envs\myenv\lib\site-packages\sklearn\preprocessing\_data.py", line 1006, in transform
    X = self._validate_data(
  File "C:\Users\91771\anaconda3\envs\myenv\lib\site-packages\sklearn\base.py", line 580, in _validate_data
    self._check_feature_names(X, reset=reset)
  File "C:\Users\91771\anaconda3\envs\myenv\lib\site-packages\sklearn\base.py", line 507, in _check_feature_names
    raise ValueError(message)
ValueError: The feature names should match those that were passed during fit.
Feature names unseen at fit time:
- amount
- country_AU
- country_BR
- country_CA
- country_CN
- ...
Feature names seen at fit time, yet now missing:
- feature_0
- feature_1
- feature_2
- feature_3
- feature_4
- ...

2025-03-30 17:21:10,329 - werkzeug - INFO - 127.0.0.1 - - [30/Mar/2025 17:21:10] "[35m[1mPOST /api/detect HTTP/1.1[0m" 500 -
2025-03-30 17:21:12,884 - app - ERROR - Exception on /api/detect [POST]
Traceback (most recent call last):
  File "C:\Users\91771\anaconda3\envs\myenv\lib\site-packages\flask\app.py", line 1473, in wsgi_app
    response = self.full_dispatch_request()
  File "C:\Users\91771\anaconda3\envs\myenv\lib\site-packages\flask\app.py", line 882, in full_dispatch_request
    rv = self.handle_user_exception(e)
  File "C:\Users\91771\anaconda3\envs\myenv\lib\site-packages\flask\app.py", line 880, in full_dispatch_request
    rv = self.dispatch_request()
  File "C:\Users\91771\anaconda3\envs\myenv\lib\site-packages\flask\app.py", line 865, in dispatch_request
    return self.ensure_sync(self.view_functions[rule.endpoint])(**view_args)  # type: ignore[no-any-return]
  File "D:\fraud-detection-system\app.py", line 133, in detect_fraud
    X = preprocess_transaction(transaction)
  File "D:\fraud-detection-system\app.py", line 93, in preprocess_transaction
    X = scaler.transform(df)
  File "C:\Users\91771\anaconda3\envs\myenv\lib\site-packages\sklearn\utils\_set_output.py", line 157, in wrapped
    data_to_wrap = f(self, X, *args, **kwargs)
  File "C:\Users\91771\anaconda3\envs\myenv\lib\site-packages\sklearn\preprocessing\_data.py", line 1006, in transform
    X = self._validate_data(
  File "C:\Users\91771\anaconda3\envs\myenv\lib\site-packages\sklearn\base.py", line 580, in _validate_data
    self._check_feature_names(X, reset=reset)
  File "C:\Users\91771\anaconda3\envs\myenv\lib\site-packages\sklearn\base.py", line 507, in _check_feature_names
    raise ValueError(message)
ValueError: The feature names should match those that were passed during fit.
Feature names unseen at fit time:
- amount
- country_AU
- country_BR
- country_CA
- country_CN
- ...
Feature names seen at fit time, yet now missing:
- feature_0
- feature_1
- feature_2
- feature_3
- feature_4
- ...

2025-03-30 17:21:12,885 - werkzeug - INFO - 127.0.0.1 - - [30/Mar/2025 17:21:12] "[35m[1mPOST /api/detect HTTP/1.1[0m" 500 -
2025-03-30 17:21:15,424 - app - ERROR - Exception on /api/detect [POST]
Traceback (most recent call last):
  File "C:\Users\91771\anaconda3\envs\myenv\lib\site-packages\flask\app.py", line 1473, in wsgi_app
    response = self.full_dispatch_request()
  File "C:\Users\91771\anaconda3\envs\myenv\lib\site-packages\flask\app.py", line 882, in full_dispatch_request
    rv = self.handle_user_exception(e)
  File "C:\Users\91771\anaconda3\envs\myenv\lib\site-packages\flask\app.py", line 880, in full_dispatch_request
    rv = self.dispatch_request()
  File "C:\Users\91771\anaconda3\envs\myenv\lib\site-packages\flask\app.py", line 865, in dispatch_request
    return self.ensure_sync(self.view_functions[rule.endpoint])(**view_args)  # type: ignore[no-any-return]
  File "D:\fraud-detection-system\app.py", line 133, in detect_fraud
    X = preprocess_transaction(transaction)
  File "D:\fraud-detection-system\app.py", line 93, in preprocess_transaction
    X = scaler.transform(df)
  File "C:\Users\91771\anaconda3\envs\myenv\lib\site-packages\sklearn\utils\_set_output.py", line 157, in wrapped
    data_to_wrap = f(self, X, *args, **kwargs)
  File "C:\Users\91771\anaconda3\envs\myenv\lib\site-packages\sklearn\preprocessing\_data.py", line 1006, in transform
    X = self._validate_data(
  File "C:\Users\91771\anaconda3\envs\myenv\lib\site-packages\sklearn\base.py", line 580, in _validate_data
    self._check_feature_names(X, reset=reset)
  File "C:\Users\91771\anaconda3\envs\myenv\lib\site-packages\sklearn\base.py", line 507, in _check_feature_names
    raise ValueError(message)
ValueError: The feature names should match those that were passed during fit.
Feature names unseen at fit time:
- amount
- country_AU
- country_BR
- country_CA
- country_CN
- ...
Feature names seen at fit time, yet now missing:
- feature_0
- feature_1
- feature_2
- feature_3
- feature_4
- ...

2025-03-30 17:21:15,426 - werkzeug - INFO - 127.0.0.1 - - [30/Mar/2025 17:21:15] "[35m[1mPOST /api/detect HTTP/1.1[0m" 500 -
2025-03-30 17:21:17,973 - app - ERROR - Exception on /api/detect [POST]
Traceback (most recent call last):
  File "C:\Users\91771\anaconda3\envs\myenv\lib\site-packages\flask\app.py", line 1473, in wsgi_app
    response = self.full_dispatch_request()
  File "C:\Users\91771\anaconda3\envs\myenv\lib\site-packages\flask\app.py", line 882, in full_dispatch_request
    rv = self.handle_user_exception(e)
  File "C:\Users\91771\anaconda3\envs\myenv\lib\site-packages\flask\app.py", line 880, in full_dispatch_request
    rv = self.dispatch_request()
  File "C:\Users\91771\anaconda3\envs\myenv\lib\site-packages\flask\app.py", line 865, in dispatch_request
    return self.ensure_sync(self.view_functions[rule.endpoint])(**view_args)  # type: ignore[no-any-return]
  File "D:\fraud-detection-system\app.py", line 133, in detect_fraud
    X = preprocess_transaction(transaction)
  File "D:\fraud-detection-system\app.py", line 93, in preprocess_transaction
    X = scaler.transform(df)
  File "C:\Users\91771\anaconda3\envs\myenv\lib\site-packages\sklearn\utils\_set_output.py", line 157, in wrapped
    data_to_wrap = f(self, X, *args, **kwargs)
  File "C:\Users\91771\anaconda3\envs\myenv\lib\site-packages\sklearn\preprocessing\_data.py", line 1006, in transform
    X = self._validate_data(
  File "C:\Users\91771\anaconda3\envs\myenv\lib\site-packages\sklearn\base.py", line 580, in _validate_data
    self._check_feature_names(X, reset=reset)
  File "C:\Users\91771\anaconda3\envs\myenv\lib\site-packages\sklearn\base.py", line 507, in _check_feature_names
    raise ValueError(message)
ValueError: The feature names should match those that were passed during fit.
Feature names unseen at fit time:
- amount
- country_AU
- country_BR
- country_CA
- country_CN
- ...
Feature names seen at fit time, yet now missing:
- feature_0
- feature_1
- feature_2
- feature_3
- feature_4
- ...

2025-03-30 17:21:17,975 - werkzeug - INFO - 127.0.0.1 - - [30/Mar/2025 17:21:17] "[35m[1mPOST /api/detect HTTP/1.1[0m" 500 -
2025-03-30 17:21:20,533 - app - ERROR - Exception on /api/detect [POST]
Traceback (most recent call last):
  File "C:\Users\91771\anaconda3\envs\myenv\lib\site-packages\flask\app.py", line 1473, in wsgi_app
    response = self.full_dispatch_request()
  File "C:\Users\91771\anaconda3\envs\myenv\lib\site-packages\flask\app.py", line 882, in full_dispatch_request
    rv = self.handle_user_exception(e)
  File "C:\Users\91771\anaconda3\envs\myenv\lib\site-packages\flask\app.py", line 880, in full_dispatch_request
    rv = self.dispatch_request()
  File "C:\Users\91771\anaconda3\envs\myenv\lib\site-packages\flask\app.py", line 865, in dispatch_request
    return self.ensure_sync(self.view_functions[rule.endpoint])(**view_args)  # type: ignore[no-any-return]
  File "D:\fraud-detection-system\app.py", line 133, in detect_fraud
    X = preprocess_transaction(transaction)
  File "D:\fraud-detection-system\app.py", line 93, in preprocess_transaction
    X = scaler.transform(df)
  File "C:\Users\91771\anaconda3\envs\myenv\lib\site-packages\sklearn\utils\_set_output.py", line 157, in wrapped
    data_to_wrap = f(self, X, *args, **kwargs)
  File "C:\Users\91771\anaconda3\envs\myenv\lib\site-packages\sklearn\preprocessing\_data.py", line 1006, in transform
    X = self._validate_data(
  File "C:\Users\91771\anaconda3\envs\myenv\lib\site-packages\sklearn\base.py", line 580, in _validate_data
    self._check_feature_names(X, reset=reset)
  File "C:\Users\91771\anaconda3\envs\myenv\lib\site-packages\sklearn\base.py", line 507, in _check_feature_names
    raise ValueError(message)
ValueError: The feature names should match those that were passed during fit.
Feature names unseen at fit time:
- amount
- country_AU
- country_BR
- country_CA
- country_CN
- ...
Feature names seen at fit time, yet now missing:
- feature_0
- feature_1
- feature_2
- feature_3
- feature_4
- ...

2025-03-30 17:21:20,535 - werkzeug - INFO - 127.0.0.1 - - [30/Mar/2025 17:21:20] "[35m[1mPOST /api/detect HTTP/1.1[0m" 500 -
2025-03-30 17:21:23,087 - app - ERROR - Exception on /api/detect [POST]
Traceback (most recent call last):
  File "C:\Users\91771\anaconda3\envs\myenv\lib\site-packages\flask\app.py", line 1473, in wsgi_app
    response = self.full_dispatch_request()
  File "C:\Users\91771\anaconda3\envs\myenv\lib\site-packages\flask\app.py", line 882, in full_dispatch_request
    rv = self.handle_user_exception(e)
  File "C:\Users\91771\anaconda3\envs\myenv\lib\site-packages\flask\app.py", line 880, in full_dispatch_request
    rv = self.dispatch_request()
  File "C:\Users\91771\anaconda3\envs\myenv\lib\site-packages\flask\app.py", line 865, in dispatch_request
    return self.ensure_sync(self.view_functions[rule.endpoint])(**view_args)  # type: ignore[no-any-return]
  File "D:\fraud-detection-system\app.py", line 133, in detect_fraud
    X = preprocess_transaction(transaction)
  File "D:\fraud-detection-system\app.py", line 93, in preprocess_transaction
    X = scaler.transform(df)
  File "C:\Users\91771\anaconda3\envs\myenv\lib\site-packages\sklearn\utils\_set_output.py", line 157, in wrapped
    data_to_wrap = f(self, X, *args, **kwargs)
  File "C:\Users\91771\anaconda3\envs\myenv\lib\site-packages\sklearn\preprocessing\_data.py", line 1006, in transform
    X = self._validate_data(
  File "C:\Users\91771\anaconda3\envs\myenv\lib\site-packages\sklearn\base.py", line 580, in _validate_data
    self._check_feature_names(X, reset=reset)
  File "C:\Users\91771\anaconda3\envs\myenv\lib\site-packages\sklearn\base.py", line 507, in _check_feature_names
    raise ValueError(message)
ValueError: The feature names should match those that were passed during fit.
Feature names unseen at fit time:
- amount
- country_AU
- country_BR
- country_CA
- country_CN
- ...
Feature names seen at fit time, yet now missing:
- feature_0
- feature_1
- feature_2
- feature_3
- feature_4
- ...

2025-03-30 17:21:23,090 - werkzeug - INFO - 127.0.0.1 - - [30/Mar/2025 17:21:23] "[35m[1mPOST /api/detect HTTP/1.1[0m" 500 -
2025-03-30 17:21:25,645 - app - ERROR - Exception on /api/detect [POST]
Traceback (most recent call last):
  File "C:\Users\91771\anaconda3\envs\myenv\lib\site-packages\flask\app.py", line 1473, in wsgi_app
    response = self.full_dispatch_request()
  File "C:\Users\91771\anaconda3\envs\myenv\lib\site-packages\flask\app.py", line 882, in full_dispatch_request
    rv = self.handle_user_exception(e)
  File "C:\Users\91771\anaconda3\envs\myenv\lib\site-packages\flask\app.py", line 880, in full_dispatch_request
    rv = self.dispatch_request()
  File "C:\Users\91771\anaconda3\envs\myenv\lib\site-packages\flask\app.py", line 865, in dispatch_request
    return self.ensure_sync(self.view_functions[rule.endpoint])(**view_args)  # type: ignore[no-any-return]
  File "D:\fraud-detection-system\app.py", line 133, in detect_fraud
    X = preprocess_transaction(transaction)
  File "D:\fraud-detection-system\app.py", line 93, in preprocess_transaction
    X = scaler.transform(df)
  File "C:\Users\91771\anaconda3\envs\myenv\lib\site-packages\sklearn\utils\_set_output.py", line 157, in wrapped
    data_to_wrap = f(self, X, *args, **kwargs)
  File "C:\Users\91771\anaconda3\envs\myenv\lib\site-packages\sklearn\preprocessing\_data.py", line 1006, in transform
    X = self._validate_data(
  File "C:\Users\91771\anaconda3\envs\myenv\lib\site-packages\sklearn\base.py", line 580, in _validate_data
    self._check_feature_names(X, reset=reset)
  File "C:\Users\91771\anaconda3\envs\myenv\lib\site-packages\sklearn\base.py", line 507, in _check_feature_names
    raise ValueError(message)
ValueError: The feature names should match those that were passed during fit.
Feature names unseen at fit time:
- amount
- country_AU
- country_BR
- country_CA
- country_CN
- ...
Feature names seen at fit time, yet now missing:
- feature_0
- feature_1
- feature_2
- feature_3
- feature_4
- ...

2025-03-30 17:21:25,647 - werkzeug - INFO - 127.0.0.1 - - [30/Mar/2025 17:21:25] "[35m[1mPOST /api/detect HTTP/1.1[0m" 500 -
2025-03-30 17:21:28,192 - app - ERROR - Exception on /api/detect [POST]
Traceback (most recent call last):
  File "C:\Users\91771\anaconda3\envs\myenv\lib\site-packages\flask\app.py", line 1473, in wsgi_app
    response = self.full_dispatch_request()
  File "C:\Users\91771\anaconda3\envs\myenv\lib\site-packages\flask\app.py", line 882, in full_dispatch_request
    rv = self.handle_user_exception(e)
  File "C:\Users\91771\anaconda3\envs\myenv\lib\site-packages\flask\app.py", line 880, in full_dispatch_request
    rv = self.dispatch_request()
  File "C:\Users\91771\anaconda3\envs\myenv\lib\site-packages\flask\app.py", line 865, in dispatch_request
    return self.ensure_sync(self.view_functions[rule.endpoint])(**view_args)  # type: ignore[no-any-return]
  File "D:\fraud-detection-system\app.py", line 133, in detect_fraud
    X = preprocess_transaction(transaction)
  File "D:\fraud-detection-system\app.py", line 93, in preprocess_transaction
    X = scaler.transform(df)
  File "C:\Users\91771\anaconda3\envs\myenv\lib\site-packages\sklearn\utils\_set_output.py", line 157, in wrapped
    data_to_wrap = f(self, X, *args, **kwargs)
  File "C:\Users\91771\anaconda3\envs\myenv\lib\site-packages\sklearn\preprocessing\_data.py", line 1006, in transform
    X = self._validate_data(
  File "C:\Users\91771\anaconda3\envs\myenv\lib\site-packages\sklearn\base.py", line 580, in _validate_data
    self._check_feature_names(X, reset=reset)
  File "C:\Users\91771\anaconda3\envs\myenv\lib\site-packages\sklearn\base.py", line 507, in _check_feature_names
    raise ValueError(message)
ValueError: The feature names should match those that were passed during fit.
Feature names unseen at fit time:
- amount
- country_AU
- country_BR
- country_CA
- country_CN
- ...
Feature names seen at fit time, yet now missing:
- feature_0
- feature_1
- feature_2
- feature_3
- feature_4
- ...

2025-03-30 17:21:28,196 - werkzeug - INFO - 127.0.0.1 - - [30/Mar/2025 17:21:28] "[35m[1mPOST /api/detect HTTP/1.1[0m" 500 -
2025-03-30 17:21:30,750 - app - ERROR - Exception on /api/detect [POST]
Traceback (most recent call last):
  File "C:\Users\91771\anaconda3\envs\myenv\lib\site-packages\flask\app.py", line 1473, in wsgi_app
    response = self.full_dispatch_request()
  File "C:\Users\91771\anaconda3\envs\myenv\lib\site-packages\flask\app.py", line 882, in full_dispatch_request
    rv = self.handle_user_exception(e)
  File "C:\Users\91771\anaconda3\envs\myenv\lib\site-packages\flask\app.py", line 880, in full_dispatch_request
    rv = self.dispatch_request()
  File "C:\Users\91771\anaconda3\envs\myenv\lib\site-packages\flask\app.py", line 865, in dispatch_request
    return self.ensure_sync(self.view_functions[rule.endpoint])(**view_args)  # type: ignore[no-any-return]
  File "D:\fraud-detection-system\app.py", line 133, in detect_fraud
    X = preprocess_transaction(transaction)
  File "D:\fraud-detection-system\app.py", line 93, in preprocess_transaction
    X = scaler.transform(df)
  File "C:\Users\91771\anaconda3\envs\myenv\lib\site-packages\sklearn\utils\_set_output.py", line 157, in wrapped
    data_to_wrap = f(self, X, *args, **kwargs)
  File "C:\Users\91771\anaconda3\envs\myenv\lib\site-packages\sklearn\preprocessing\_data.py", line 1006, in transform
    X = self._validate_data(
  File "C:\Users\91771\anaconda3\envs\myenv\lib\site-packages\sklearn\base.py", line 580, in _validate_data
    self._check_feature_names(X, reset=reset)
  File "C:\Users\91771\anaconda3\envs\myenv\lib\site-packages\sklearn\base.py", line 507, in _check_feature_names
    raise ValueError(message)
ValueError: The feature names should match those that were passed during fit.
Feature names unseen at fit time:
- amount
- country_AU
- country_BR
- country_CA
- country_CN
- ...
Feature names seen at fit time, yet now missing:
- feature_0
- feature_1
- feature_2
- feature_3
- feature_4
- ...

2025-03-30 17:21:30,753 - werkzeug - INFO - 127.0.0.1 - - [30/Mar/2025 17:21:30] "[35m[1mPOST /api/detect HTTP/1.1[0m" 500 -
2025-03-30 17:21:33,317 - app - ERROR - Exception on /api/detect [POST]
Traceback (most recent call last):
  File "C:\Users\91771\anaconda3\envs\myenv\lib\site-packages\flask\app.py", line 1473, in wsgi_app
    response = self.full_dispatch_request()
  File "C:\Users\91771\anaconda3\envs\myenv\lib\site-packages\flask\app.py", line 882, in full_dispatch_request
    rv = self.handle_user_exception(e)
  File "C:\Users\91771\anaconda3\envs\myenv\lib\site-packages\flask\app.py", line 880, in full_dispatch_request
    rv = self.dispatch_request()
  File "C:\Users\91771\anaconda3\envs\myenv\lib\site-packages\flask\app.py", line 865, in dispatch_request
    return self.ensure_sync(self.view_functions[rule.endpoint])(**view_args)  # type: ignore[no-any-return]
  File "D:\fraud-detection-system\app.py", line 133, in detect_fraud
    X = preprocess_transaction(transaction)
  File "D:\fraud-detection-system\app.py", line 93, in preprocess_transaction
    X = scaler.transform(df)
  File "C:\Users\91771\anaconda3\envs\myenv\lib\site-packages\sklearn\utils\_set_output.py", line 157, in wrapped
    data_to_wrap = f(self, X, *args, **kwargs)
  File "C:\Users\91771\anaconda3\envs\myenv\lib\site-packages\sklearn\preprocessing\_data.py", line 1006, in transform
    X = self._validate_data(
  File "C:\Users\91771\anaconda3\envs\myenv\lib\site-packages\sklearn\base.py", line 580, in _validate_data
    self._check_feature_names(X, reset=reset)
  File "C:\Users\91771\anaconda3\envs\myenv\lib\site-packages\sklearn\base.py", line 507, in _check_feature_names
    raise ValueError(message)
ValueError: The feature names should match those that were passed during fit.
Feature names unseen at fit time:
- amount
- country_AU
- country_BR
- country_CA
- country_CN
- ...
Feature names seen at fit time, yet now missing:
- feature_0
- feature_1
- feature_2
- feature_3
- feature_4
- ...

2025-03-30 17:21:33,319 - werkzeug - INFO - 127.0.0.1 - - [30/Mar/2025 17:21:33] "[35m[1mPOST /api/detect HTTP/1.1[0m" 500 -
2025-03-30 17:21:35,870 - app - ERROR - Exception on /api/detect [POST]
Traceback (most recent call last):
  File "C:\Users\91771\anaconda3\envs\myenv\lib\site-packages\flask\app.py", line 1473, in wsgi_app
    response = self.full_dispatch_request()
  File "C:\Users\91771\anaconda3\envs\myenv\lib\site-packages\flask\app.py", line 882, in full_dispatch_request
    rv = self.handle_user_exception(e)
  File "C:\Users\91771\anaconda3\envs\myenv\lib\site-packages\flask\app.py", line 880, in full_dispatch_request
    rv = self.dispatch_request()
  File "C:\Users\91771\anaconda3\envs\myenv\lib\site-packages\flask\app.py", line 865, in dispatch_request
    return self.ensure_sync(self.view_functions[rule.endpoint])(**view_args)  # type: ignore[no-any-return]
  File "D:\fraud-detection-system\app.py", line 133, in detect_fraud
    X = preprocess_transaction(transaction)
  File "D:\fraud-detection-system\app.py", line 93, in preprocess_transaction
    X = scaler.transform(df)
  File "C:\Users\91771\anaconda3\envs\myenv\lib\site-packages\sklearn\utils\_set_output.py", line 157, in wrapped
    data_to_wrap = f(self, X, *args, **kwargs)
  File "C:\Users\91771\anaconda3\envs\myenv\lib\site-packages\sklearn\preprocessing\_data.py", line 1006, in transform
    X = self._validate_data(
  File "C:\Users\91771\anaconda3\envs\myenv\lib\site-packages\sklearn\base.py", line 580, in _validate_data
    self._check_feature_names(X, reset=reset)
  File "C:\Users\91771\anaconda3\envs\myenv\lib\site-packages\sklearn\base.py", line 507, in _check_feature_names
    raise ValueError(message)
ValueError: The feature names should match those that were passed during fit.
Feature names unseen at fit time:
- amount
- country_AU
- country_BR
- country_CA
- country_CN
- ...
Feature names seen at fit time, yet now missing:
- feature_0
- feature_1
- feature_2
- feature_3
- feature_4
- ...

2025-03-30 17:21:35,873 - werkzeug - INFO - 127.0.0.1 - - [30/Mar/2025 17:21:35] "[35m[1mPOST /api/detect HTTP/1.1[0m" 500 -
2025-03-30 17:21:38,417 - app - ERROR - Exception on /api/detect [POST]
Traceback (most recent call last):
  File "C:\Users\91771\anaconda3\envs\myenv\lib\site-packages\flask\app.py", line 1473, in wsgi_app
    response = self.full_dispatch_request()
  File "C:\Users\91771\anaconda3\envs\myenv\lib\site-packages\flask\app.py", line 882, in full_dispatch_request
    rv = self.handle_user_exception(e)
  File "C:\Users\91771\anaconda3\envs\myenv\lib\site-packages\flask\app.py", line 880, in full_dispatch_request
    rv = self.dispatch_request()
  File "C:\Users\91771\anaconda3\envs\myenv\lib\site-packages\flask\app.py", line 865, in dispatch_request
    return self.ensure_sync(self.view_functions[rule.endpoint])(**view_args)  # type: ignore[no-any-return]
  File "D:\fraud-detection-system\app.py", line 133, in detect_fraud
    X = preprocess_transaction(transaction)
  File "D:\fraud-detection-system\app.py", line 93, in preprocess_transaction
    X = scaler.transform(df)
  File "C:\Users\91771\anaconda3\envs\myenv\lib\site-packages\sklearn\utils\_set_output.py", line 157, in wrapped
    data_to_wrap = f(self, X, *args, **kwargs)
  File "C:\Users\91771\anaconda3\envs\myenv\lib\site-packages\sklearn\preprocessing\_data.py", line 1006, in transform
    X = self._validate_data(
  File "C:\Users\91771\anaconda3\envs\myenv\lib\site-packages\sklearn\base.py", line 580, in _validate_data
    self._check_feature_names(X, reset=reset)
  File "C:\Users\91771\anaconda3\envs\myenv\lib\site-packages\sklearn\base.py", line 507, in _check_feature_names
    raise ValueError(message)
ValueError: The feature names should match those that were passed during fit.
Feature names unseen at fit time:
- amount
- country_AU
- country_BR
- country_CA
- country_CN
- ...
Feature names seen at fit time, yet now missing:
- feature_0
- feature_1
- feature_2
- feature_3
- feature_4
- ...

2025-03-30 17:21:38,420 - werkzeug - INFO - 127.0.0.1 - - [30/Mar/2025 17:21:38] "[35m[1mPOST /api/detect HTTP/1.1[0m" 500 -
2025-03-30 17:21:40,971 - app - ERROR - Exception on /api/detect [POST]
Traceback (most recent call last):
  File "C:\Users\91771\anaconda3\envs\myenv\lib\site-packages\flask\app.py", line 1473, in wsgi_app
    response = self.full_dispatch_request()
  File "C:\Users\91771\anaconda3\envs\myenv\lib\site-packages\flask\app.py", line 882, in full_dispatch_request
    rv = self.handle_user_exception(e)
  File "C:\Users\91771\anaconda3\envs\myenv\lib\site-packages\flask\app.py", line 880, in full_dispatch_request
    rv = self.dispatch_request()
  File "C:\Users\91771\anaconda3\envs\myenv\lib\site-packages\flask\app.py", line 865, in dispatch_request
    return self.ensure_sync(self.view_functions[rule.endpoint])(**view_args)  # type: ignore[no-any-return]
  File "D:\fraud-detection-system\app.py", line 133, in detect_fraud
    X = preprocess_transaction(transaction)
  File "D:\fraud-detection-system\app.py", line 93, in preprocess_transaction
    X = scaler.transform(df)
  File "C:\Users\91771\anaconda3\envs\myenv\lib\site-packages\sklearn\utils\_set_output.py", line 157, in wrapped
    data_to_wrap = f(self, X, *args, **kwargs)
  File "C:\Users\91771\anaconda3\envs\myenv\lib\site-packages\sklearn\preprocessing\_data.py", line 1006, in transform
    X = self._validate_data(
  File "C:\Users\91771\anaconda3\envs\myenv\lib\site-packages\sklearn\base.py", line 580, in _validate_data
    self._check_feature_names(X, reset=reset)
  File "C:\Users\91771\anaconda3\envs\myenv\lib\site-packages\sklearn\base.py", line 507, in _check_feature_names
    raise ValueError(message)
ValueError: The feature names should match those that were passed during fit.
Feature names unseen at fit time:
- amount
- country_AU
- country_BR
- country_CA
- country_CN
- ...
Feature names seen at fit time, yet now missing:
- feature_0
- feature_1
- feature_2
- feature_3
- feature_4
- ...

2025-03-30 17:21:40,974 - werkzeug - INFO - 127.0.0.1 - - [30/Mar/2025 17:21:40] "[35m[1mPOST /api/detect HTTP/1.1[0m" 500 -
2025-03-30 17:21:43,519 - app - ERROR - Exception on /api/detect [POST]
Traceback (most recent call last):
  File "C:\Users\91771\anaconda3\envs\myenv\lib\site-packages\flask\app.py", line 1473, in wsgi_app
    response = self.full_dispatch_request()
  File "C:\Users\91771\anaconda3\envs\myenv\lib\site-packages\flask\app.py", line 882, in full_dispatch_request
    rv = self.handle_user_exception(e)
  File "C:\Users\91771\anaconda3\envs\myenv\lib\site-packages\flask\app.py", line 880, in full_dispatch_request
    rv = self.dispatch_request()
  File "C:\Users\91771\anaconda3\envs\myenv\lib\site-packages\flask\app.py", line 865, in dispatch_request
    return self.ensure_sync(self.view_functions[rule.endpoint])(**view_args)  # type: ignore[no-any-return]
  File "D:\fraud-detection-system\app.py", line 133, in detect_fraud
    X = preprocess_transaction(transaction)
  File "D:\fraud-detection-system\app.py", line 93, in preprocess_transaction
    X = scaler.transform(df)
  File "C:\Users\91771\anaconda3\envs\myenv\lib\site-packages\sklearn\utils\_set_output.py", line 157, in wrapped
    data_to_wrap = f(self, X, *args, **kwargs)
  File "C:\Users\91771\anaconda3\envs\myenv\lib\site-packages\sklearn\preprocessing\_data.py", line 1006, in transform
    X = self._validate_data(
  File "C:\Users\91771\anaconda3\envs\myenv\lib\site-packages\sklearn\base.py", line 580, in _validate_data
    self._check_feature_names(X, reset=reset)
  File "C:\Users\91771\anaconda3\envs\myenv\lib\site-packages\sklearn\base.py", line 507, in _check_feature_names
    raise ValueError(message)
ValueError: The feature names should match those that were passed during fit.
Feature names unseen at fit time:
- amount
- country_AU
- country_BR
- country_CA
- country_CN
- ...
Feature names seen at fit time, yet now missing:
- feature_0
- feature_1
- feature_2
- feature_3
- feature_4
- ...

2025-03-30 17:21:43,523 - werkzeug - INFO - 127.0.0.1 - - [30/Mar/2025 17:21:43] "[35m[1mPOST /api/detect HTTP/1.1[0m" 500 -
2025-03-30 17:21:46,071 - app - ERROR - Exception on /api/detect [POST]
Traceback (most recent call last):
  File "C:\Users\91771\anaconda3\envs\myenv\lib\site-packages\flask\app.py", line 1473, in wsgi_app
    response = self.full_dispatch_request()
  File "C:\Users\91771\anaconda3\envs\myenv\lib\site-packages\flask\app.py", line 882, in full_dispatch_request
    rv = self.handle_user_exception(e)
  File "C:\Users\91771\anaconda3\envs\myenv\lib\site-packages\flask\app.py", line 880, in full_dispatch_request
    rv = self.dispatch_request()
  File "C:\Users\91771\anaconda3\envs\myenv\lib\site-packages\flask\app.py", line 865, in dispatch_request
    return self.ensure_sync(self.view_functions[rule.endpoint])(**view_args)  # type: ignore[no-any-return]
  File "D:\fraud-detection-system\app.py", line 133, in detect_fraud
    X = preprocess_transaction(transaction)
  File "D:\fraud-detection-system\app.py", line 93, in preprocess_transaction
    X = scaler.transform(df)
  File "C:\Users\91771\anaconda3\envs\myenv\lib\site-packages\sklearn\utils\_set_output.py", line 157, in wrapped
    data_to_wrap = f(self, X, *args, **kwargs)
  File "C:\Users\91771\anaconda3\envs\myenv\lib\site-packages\sklearn\preprocessing\_data.py", line 1006, in transform
    X = self._validate_data(
  File "C:\Users\91771\anaconda3\envs\myenv\lib\site-packages\sklearn\base.py", line 580, in _validate_data
    self._check_feature_names(X, reset=reset)
  File "C:\Users\91771\anaconda3\envs\myenv\lib\site-packages\sklearn\base.py", line 507, in _check_feature_names
    raise ValueError(message)
ValueError: The feature names should match those that were passed during fit.
Feature names unseen at fit time:
- amount
- country_AU
- country_BR
- country_CA
- country_CN
- ...
Feature names seen at fit time, yet now missing:
- feature_0
- feature_1
- feature_2
- feature_3
- feature_4
- ...

2025-03-30 17:21:46,074 - werkzeug - INFO - 127.0.0.1 - - [30/Mar/2025 17:21:46] "[35m[1mPOST /api/detect HTTP/1.1[0m" 500 -
2025-03-30 17:21:48,620 - app - ERROR - Exception on /api/detect [POST]
Traceback (most recent call last):
  File "C:\Users\91771\anaconda3\envs\myenv\lib\site-packages\flask\app.py", line 1473, in wsgi_app
    response = self.full_dispatch_request()
  File "C:\Users\91771\anaconda3\envs\myenv\lib\site-packages\flask\app.py", line 882, in full_dispatch_request
    rv = self.handle_user_exception(e)
  File "C:\Users\91771\anaconda3\envs\myenv\lib\site-packages\flask\app.py", line 880, in full_dispatch_request
    rv = self.dispatch_request()
  File "C:\Users\91771\anaconda3\envs\myenv\lib\site-packages\flask\app.py", line 865, in dispatch_request
    return self.ensure_sync(self.view_functions[rule.endpoint])(**view_args)  # type: ignore[no-any-return]
  File "D:\fraud-detection-system\app.py", line 133, in detect_fraud
    X = preprocess_transaction(transaction)
  File "D:\fraud-detection-system\app.py", line 93, in preprocess_transaction
    X = scaler.transform(df)
  File "C:\Users\91771\anaconda3\envs\myenv\lib\site-packages\sklearn\utils\_set_output.py", line 157, in wrapped
    data_to_wrap = f(self, X, *args, **kwargs)
  File "C:\Users\91771\anaconda3\envs\myenv\lib\site-packages\sklearn\preprocessing\_data.py", line 1006, in transform
    X = self._validate_data(
  File "C:\Users\91771\anaconda3\envs\myenv\lib\site-packages\sklearn\base.py", line 580, in _validate_data
    self._check_feature_names(X, reset=reset)
  File "C:\Users\91771\anaconda3\envs\myenv\lib\site-packages\sklearn\base.py", line 507, in _check_feature_names
    raise ValueError(message)
ValueError: The feature names should match those that were passed during fit.
Feature names unseen at fit time:
- amount
- country_AU
- country_BR
- country_CA
- country_CN
- ...
Feature names seen at fit time, yet now missing:
- feature_0
- feature_1
- feature_2
- feature_3
- feature_4
- ...

2025-03-30 17:21:48,623 - werkzeug - INFO - 127.0.0.1 - - [30/Mar/2025 17:21:48] "[35m[1mPOST /api/detect HTTP/1.1[0m" 500 -
2025-03-30 17:21:51,163 - app - ERROR - Exception on /api/detect [POST]
Traceback (most recent call last):
  File "C:\Users\91771\anaconda3\envs\myenv\lib\site-packages\flask\app.py", line 1473, in wsgi_app
    response = self.full_dispatch_request()
  File "C:\Users\91771\anaconda3\envs\myenv\lib\site-packages\flask\app.py", line 882, in full_dispatch_request
    rv = self.handle_user_exception(e)
  File "C:\Users\91771\anaconda3\envs\myenv\lib\site-packages\flask\app.py", line 880, in full_dispatch_request
    rv = self.dispatch_request()
  File "C:\Users\91771\anaconda3\envs\myenv\lib\site-packages\flask\app.py", line 865, in dispatch_request
    return self.ensure_sync(self.view_functions[rule.endpoint])(**view_args)  # type: ignore[no-any-return]
  File "D:\fraud-detection-system\app.py", line 133, in detect_fraud
    X = preprocess_transaction(transaction)
  File "D:\fraud-detection-system\app.py", line 93, in preprocess_transaction
    X = scaler.transform(df)
  File "C:\Users\91771\anaconda3\envs\myenv\lib\site-packages\sklearn\utils\_set_output.py", line 157, in wrapped
    data_to_wrap = f(self, X, *args, **kwargs)
  File "C:\Users\91771\anaconda3\envs\myenv\lib\site-packages\sklearn\preprocessing\_data.py", line 1006, in transform
    X = self._validate_data(
  File "C:\Users\91771\anaconda3\envs\myenv\lib\site-packages\sklearn\base.py", line 580, in _validate_data
    self._check_feature_names(X, reset=reset)
  File "C:\Users\91771\anaconda3\envs\myenv\lib\site-packages\sklearn\base.py", line 507, in _check_feature_names
    raise ValueError(message)
ValueError: The feature names should match those that were passed during fit.
Feature names unseen at fit time:
- amount
- country_AU
- country_BR
- country_CA
- country_CN
- ...
Feature names seen at fit time, yet now missing:
- feature_0
- feature_1
- feature_2
- feature_3
- feature_4
- ...

2025-03-30 17:21:51,167 - werkzeug - INFO - 127.0.0.1 - - [30/Mar/2025 17:21:51] "[35m[1mPOST /api/detect HTTP/1.1[0m" 500 -
2025-03-30 17:21:53,735 - app - ERROR - Exception on /api/detect [POST]
Traceback (most recent call last):
  File "C:\Users\91771\anaconda3\envs\myenv\lib\site-packages\flask\app.py", line 1473, in wsgi_app
    response = self.full_dispatch_request()
  File "C:\Users\91771\anaconda3\envs\myenv\lib\site-packages\flask\app.py", line 882, in full_dispatch_request
    rv = self.handle_user_exception(e)
  File "C:\Users\91771\anaconda3\envs\myenv\lib\site-packages\flask\app.py", line 880, in full_dispatch_request
    rv = self.dispatch_request()
  File "C:\Users\91771\anaconda3\envs\myenv\lib\site-packages\flask\app.py", line 865, in dispatch_request
    return self.ensure_sync(self.view_functions[rule.endpoint])(**view_args)  # type: ignore[no-any-return]
  File "D:\fraud-detection-system\app.py", line 133, in detect_fraud
    X = preprocess_transaction(transaction)
  File "D:\fraud-detection-system\app.py", line 93, in preprocess_transaction
    X = scaler.transform(df)
  File "C:\Users\91771\anaconda3\envs\myenv\lib\site-packages\sklearn\utils\_set_output.py", line 157, in wrapped
    data_to_wrap = f(self, X, *args, **kwargs)
  File "C:\Users\91771\anaconda3\envs\myenv\lib\site-packages\sklearn\preprocessing\_data.py", line 1006, in transform
    X = self._validate_data(
  File "C:\Users\91771\anaconda3\envs\myenv\lib\site-packages\sklearn\base.py", line 580, in _validate_data
    self._check_feature_names(X, reset=reset)
  File "C:\Users\91771\anaconda3\envs\myenv\lib\site-packages\sklearn\base.py", line 507, in _check_feature_names
    raise ValueError(message)
ValueError: The feature names should match those that were passed during fit.
Feature names unseen at fit time:
- amount
- country_AU
- country_BR
- country_CA
- country_CN
- ...
Feature names seen at fit time, yet now missing:
- feature_0
- feature_1
- feature_2
- feature_3
- feature_4
- ...

2025-03-30 17:21:53,739 - werkzeug - INFO - 127.0.0.1 - - [30/Mar/2025 17:21:53] "[35m[1mPOST /api/detect HTTP/1.1[0m" 500 -
2025-03-30 17:21:56,274 - app - ERROR - Exception on /api/detect [POST]
Traceback (most recent call last):
  File "C:\Users\91771\anaconda3\envs\myenv\lib\site-packages\flask\app.py", line 1473, in wsgi_app
    response = self.full_dispatch_request()
  File "C:\Users\91771\anaconda3\envs\myenv\lib\site-packages\flask\app.py", line 882, in full_dispatch_request
    rv = self.handle_user_exception(e)
  File "C:\Users\91771\anaconda3\envs\myenv\lib\site-packages\flask\app.py", line 880, in full_dispatch_request
    rv = self.dispatch_request()
  File "C:\Users\91771\anaconda3\envs\myenv\lib\site-packages\flask\app.py", line 865, in dispatch_request
    return self.ensure_sync(self.view_functions[rule.endpoint])(**view_args)  # type: ignore[no-any-return]
  File "D:\fraud-detection-system\app.py", line 133, in detect_fraud
    X = preprocess_transaction(transaction)
  File "D:\fraud-detection-system\app.py", line 93, in preprocess_transaction
    X = scaler.transform(df)
  File "C:\Users\91771\anaconda3\envs\myenv\lib\site-packages\sklearn\utils\_set_output.py", line 157, in wrapped
    data_to_wrap = f(self, X, *args, **kwargs)
  File "C:\Users\91771\anaconda3\envs\myenv\lib\site-packages\sklearn\preprocessing\_data.py", line 1006, in transform
    X = self._validate_data(
  File "C:\Users\91771\anaconda3\envs\myenv\lib\site-packages\sklearn\base.py", line 580, in _validate_data
    self._check_feature_names(X, reset=reset)
  File "C:\Users\91771\anaconda3\envs\myenv\lib\site-packages\sklearn\base.py", line 507, in _check_feature_names
    raise ValueError(message)
ValueError: The feature names should match those that were passed during fit.
Feature names unseen at fit time:
- amount
- country_AU
- country_BR
- country_CA
- country_CN
- ...
Feature names seen at fit time, yet now missing:
- feature_0
- feature_1
- feature_2
- feature_3
- feature_4
- ...

2025-03-30 17:21:56,277 - werkzeug - INFO - 127.0.0.1 - - [30/Mar/2025 17:21:56] "[35m[1mPOST /api/detect HTTP/1.1[0m" 500 -
2025-03-30 17:21:58,830 - app - ERROR - Exception on /api/detect [POST]
Traceback (most recent call last):
  File "C:\Users\91771\anaconda3\envs\myenv\lib\site-packages\flask\app.py", line 1473, in wsgi_app
    response = self.full_dispatch_request()
  File "C:\Users\91771\anaconda3\envs\myenv\lib\site-packages\flask\app.py", line 882, in full_dispatch_request
    rv = self.handle_user_exception(e)
  File "C:\Users\91771\anaconda3\envs\myenv\lib\site-packages\flask\app.py", line 880, in full_dispatch_request
    rv = self.dispatch_request()
  File "C:\Users\91771\anaconda3\envs\myenv\lib\site-packages\flask\app.py", line 865, in dispatch_request
    return self.ensure_sync(self.view_functions[rule.endpoint])(**view_args)  # type: ignore[no-any-return]
  File "D:\fraud-detection-system\app.py", line 133, in detect_fraud
    X = preprocess_transaction(transaction)
  File "D:\fraud-detection-system\app.py", line 93, in preprocess_transaction
    X = scaler.transform(df)
  File "C:\Users\91771\anaconda3\envs\myenv\lib\site-packages\sklearn\utils\_set_output.py", line 157, in wrapped
    data_to_wrap = f(self, X, *args, **kwargs)
  File "C:\Users\91771\anaconda3\envs\myenv\lib\site-packages\sklearn\preprocessing\_data.py", line 1006, in transform
    X = self._validate_data(
  File "C:\Users\91771\anaconda3\envs\myenv\lib\site-packages\sklearn\base.py", line 580, in _validate_data
    self._check_feature_names(X, reset=reset)
  File "C:\Users\91771\anaconda3\envs\myenv\lib\site-packages\sklearn\base.py", line 507, in _check_feature_names
    raise ValueError(message)
ValueError: The feature names should match those that were passed during fit.
Feature names unseen at fit time:
- amount
- country_AU
- country_BR
- country_CA
- country_CN
- ...
Feature names seen at fit time, yet now missing:
- feature_0
- feature_1
- feature_2
- feature_3
- feature_4
- ...

2025-03-30 17:21:58,834 - werkzeug - INFO - 127.0.0.1 - - [30/Mar/2025 17:21:58] "[35m[1mPOST /api/detect HTTP/1.1[0m" 500 -
2025-03-30 17:22:01,389 - app - ERROR - Exception on /api/detect [POST]
Traceback (most recent call last):
  File "C:\Users\91771\anaconda3\envs\myenv\lib\site-packages\flask\app.py", line 1473, in wsgi_app
    response = self.full_dispatch_request()
  File "C:\Users\91771\anaconda3\envs\myenv\lib\site-packages\flask\app.py", line 882, in full_dispatch_request
    rv = self.handle_user_exception(e)
  File "C:\Users\91771\anaconda3\envs\myenv\lib\site-packages\flask\app.py", line 880, in full_dispatch_request
    rv = self.dispatch_request()
  File "C:\Users\91771\anaconda3\envs\myenv\lib\site-packages\flask\app.py", line 865, in dispatch_request
    return self.ensure_sync(self.view_functions[rule.endpoint])(**view_args)  # type: ignore[no-any-return]
  File "D:\fraud-detection-system\app.py", line 133, in detect_fraud
    X = preprocess_transaction(transaction)
  File "D:\fraud-detection-system\app.py", line 93, in preprocess_transaction
    X = scaler.transform(df)
  File "C:\Users\91771\anaconda3\envs\myenv\lib\site-packages\sklearn\utils\_set_output.py", line 157, in wrapped
    data_to_wrap = f(self, X, *args, **kwargs)
  File "C:\Users\91771\anaconda3\envs\myenv\lib\site-packages\sklearn\preprocessing\_data.py", line 1006, in transform
    X = self._validate_data(
  File "C:\Users\91771\anaconda3\envs\myenv\lib\site-packages\sklearn\base.py", line 580, in _validate_data
    self._check_feature_names(X, reset=reset)
  File "C:\Users\91771\anaconda3\envs\myenv\lib\site-packages\sklearn\base.py", line 507, in _check_feature_names
    raise ValueError(message)
ValueError: The feature names should match those that were passed during fit.
Feature names unseen at fit time:
- amount
- country_AU
- country_BR
- country_CA
- country_CN
- ...
Feature names seen at fit time, yet now missing:
- feature_0
- feature_1
- feature_2
- feature_3
- feature_4
- ...

2025-03-30 17:22:01,392 - werkzeug - INFO - 127.0.0.1 - - [30/Mar/2025 17:22:01] "[35m[1mPOST /api/detect HTTP/1.1[0m" 500 -
2025-03-30 17:22:03,944 - app - ERROR - Exception on /api/detect [POST]
Traceback (most recent call last):
  File "C:\Users\91771\anaconda3\envs\myenv\lib\site-packages\flask\app.py", line 1473, in wsgi_app
    response = self.full_dispatch_request()
  File "C:\Users\91771\anaconda3\envs\myenv\lib\site-packages\flask\app.py", line 882, in full_dispatch_request
    rv = self.handle_user_exception(e)
  File "C:\Users\91771\anaconda3\envs\myenv\lib\site-packages\flask\app.py", line 880, in full_dispatch_request
    rv = self.dispatch_request()
  File "C:\Users\91771\anaconda3\envs\myenv\lib\site-packages\flask\app.py", line 865, in dispatch_request
    return self.ensure_sync(self.view_functions[rule.endpoint])(**view_args)  # type: ignore[no-any-return]
  File "D:\fraud-detection-system\app.py", line 133, in detect_fraud
    X = preprocess_transaction(transaction)
  File "D:\fraud-detection-system\app.py", line 93, in preprocess_transaction
    X = scaler.transform(df)
  File "C:\Users\91771\anaconda3\envs\myenv\lib\site-packages\sklearn\utils\_set_output.py", line 157, in wrapped
    data_to_wrap = f(self, X, *args, **kwargs)
  File "C:\Users\91771\anaconda3\envs\myenv\lib\site-packages\sklearn\preprocessing\_data.py", line 1006, in transform
    X = self._validate_data(
  File "C:\Users\91771\anaconda3\envs\myenv\lib\site-packages\sklearn\base.py", line 580, in _validate_data
    self._check_feature_names(X, reset=reset)
  File "C:\Users\91771\anaconda3\envs\myenv\lib\site-packages\sklearn\base.py", line 507, in _check_feature_names
    raise ValueError(message)
ValueError: The feature names should match those that were passed during fit.
Feature names unseen at fit time:
- amount
- country_AU
- country_BR
- country_CA
- country_CN
- ...
Feature names seen at fit time, yet now missing:
- feature_0
- feature_1
- feature_2
- feature_3
- feature_4
- ...

2025-03-30 17:22:03,948 - werkzeug - INFO - 127.0.0.1 - - [30/Mar/2025 17:22:03] "[35m[1mPOST /api/detect HTTP/1.1[0m" 500 -
2025-03-30 17:22:06,523 - app - ERROR - Exception on /api/detect [POST]
Traceback (most recent call last):
  File "C:\Users\91771\anaconda3\envs\myenv\lib\site-packages\flask\app.py", line 1473, in wsgi_app
    response = self.full_dispatch_request()
  File "C:\Users\91771\anaconda3\envs\myenv\lib\site-packages\flask\app.py", line 882, in full_dispatch_request
    rv = self.handle_user_exception(e)
  File "C:\Users\91771\anaconda3\envs\myenv\lib\site-packages\flask\app.py", line 880, in full_dispatch_request
    rv = self.dispatch_request()
  File "C:\Users\91771\anaconda3\envs\myenv\lib\site-packages\flask\app.py", line 865, in dispatch_request
    return self.ensure_sync(self.view_functions[rule.endpoint])(**view_args)  # type: ignore[no-any-return]
  File "D:\fraud-detection-system\app.py", line 133, in detect_fraud
    X = preprocess_transaction(transaction)
  File "D:\fraud-detection-system\app.py", line 93, in preprocess_transaction
    X = scaler.transform(df)
  File "C:\Users\91771\anaconda3\envs\myenv\lib\site-packages\sklearn\utils\_set_output.py", line 157, in wrapped
    data_to_wrap = f(self, X, *args, **kwargs)
  File "C:\Users\91771\anaconda3\envs\myenv\lib\site-packages\sklearn\preprocessing\_data.py", line 1006, in transform
    X = self._validate_data(
  File "C:\Users\91771\anaconda3\envs\myenv\lib\site-packages\sklearn\base.py", line 580, in _validate_data
    self._check_feature_names(X, reset=reset)
  File "C:\Users\91771\anaconda3\envs\myenv\lib\site-packages\sklearn\base.py", line 507, in _check_feature_names
    raise ValueError(message)
ValueError: The feature names should match those that were passed during fit.
Feature names unseen at fit time:
- amount
- country_AU
- country_BR
- country_CA
- country_CN
- ...
Feature names seen at fit time, yet now missing:
- feature_0
- feature_1
- feature_2
- feature_3
- feature_4
- ...

2025-03-30 17:22:06,526 - werkzeug - INFO - 127.0.0.1 - - [30/Mar/2025 17:22:06] "[35m[1mPOST /api/detect HTTP/1.1[0m" 500 -
2025-03-30 17:22:09,063 - app - ERROR - Exception on /api/detect [POST]
Traceback (most recent call last):
  File "C:\Users\91771\anaconda3\envs\myenv\lib\site-packages\flask\app.py", line 1473, in wsgi_app
    response = self.full_dispatch_request()
  File "C:\Users\91771\anaconda3\envs\myenv\lib\site-packages\flask\app.py", line 882, in full_dispatch_request
    rv = self.handle_user_exception(e)
  File "C:\Users\91771\anaconda3\envs\myenv\lib\site-packages\flask\app.py", line 880, in full_dispatch_request
    rv = self.dispatch_request()
  File "C:\Users\91771\anaconda3\envs\myenv\lib\site-packages\flask\app.py", line 865, in dispatch_request
    return self.ensure_sync(self.view_functions[rule.endpoint])(**view_args)  # type: ignore[no-any-return]
  File "D:\fraud-detection-system\app.py", line 133, in detect_fraud
    X = preprocess_transaction(transaction)
  File "D:\fraud-detection-system\app.py", line 93, in preprocess_transaction
    X = scaler.transform(df)
  File "C:\Users\91771\anaconda3\envs\myenv\lib\site-packages\sklearn\utils\_set_output.py", line 157, in wrapped
    data_to_wrap = f(self, X, *args, **kwargs)
  File "C:\Users\91771\anaconda3\envs\myenv\lib\site-packages\sklearn\preprocessing\_data.py", line 1006, in transform
    X = self._validate_data(
  File "C:\Users\91771\anaconda3\envs\myenv\lib\site-packages\sklearn\base.py", line 580, in _validate_data
    self._check_feature_names(X, reset=reset)
  File "C:\Users\91771\anaconda3\envs\myenv\lib\site-packages\sklearn\base.py", line 507, in _check_feature_names
    raise ValueError(message)
ValueError: The feature names should match those that were passed during fit.
Feature names unseen at fit time:
- amount
- country_AU
- country_BR
- country_CA
- country_CN
- ...
Feature names seen at fit time, yet now missing:
- feature_0
- feature_1
- feature_2
- feature_3
- feature_4
- ...

2025-03-30 17:22:09,066 - werkzeug - INFO - 127.0.0.1 - - [30/Mar/2025 17:22:09] "[35m[1mPOST /api/detect HTTP/1.1[0m" 500 -
2025-03-30 17:22:11,618 - app - ERROR - Exception on /api/detect [POST]
Traceback (most recent call last):
  File "C:\Users\91771\anaconda3\envs\myenv\lib\site-packages\flask\app.py", line 1473, in wsgi_app
    response = self.full_dispatch_request()
  File "C:\Users\91771\anaconda3\envs\myenv\lib\site-packages\flask\app.py", line 882, in full_dispatch_request
    rv = self.handle_user_exception(e)
  File "C:\Users\91771\anaconda3\envs\myenv\lib\site-packages\flask\app.py", line 880, in full_dispatch_request
    rv = self.dispatch_request()
  File "C:\Users\91771\anaconda3\envs\myenv\lib\site-packages\flask\app.py", line 865, in dispatch_request
    return self.ensure_sync(self.view_functions[rule.endpoint])(**view_args)  # type: ignore[no-any-return]
  File "D:\fraud-detection-system\app.py", line 133, in detect_fraud
    X = preprocess_transaction(transaction)
  File "D:\fraud-detection-system\app.py", line 93, in preprocess_transaction
    X = scaler.transform(df)
  File "C:\Users\91771\anaconda3\envs\myenv\lib\site-packages\sklearn\utils\_set_output.py", line 157, in wrapped
    data_to_wrap = f(self, X, *args, **kwargs)
  File "C:\Users\91771\anaconda3\envs\myenv\lib\site-packages\sklearn\preprocessing\_data.py", line 1006, in transform
    X = self._validate_data(
  File "C:\Users\91771\anaconda3\envs\myenv\lib\site-packages\sklearn\base.py", line 580, in _validate_data
    self._check_feature_names(X, reset=reset)
  File "C:\Users\91771\anaconda3\envs\myenv\lib\site-packages\sklearn\base.py", line 507, in _check_feature_names
    raise ValueError(message)
ValueError: The feature names should match those that were passed during fit.
Feature names unseen at fit time:
- amount
- country_AU
- country_BR
- country_CA
- country_CN
- ...
Feature names seen at fit time, yet now missing:
- feature_0
- feature_1
- feature_2
- feature_3
- feature_4
- ...

2025-03-30 17:22:11,621 - werkzeug - INFO - 127.0.0.1 - - [30/Mar/2025 17:22:11] "[35m[1mPOST /api/detect HTTP/1.1[0m" 500 -
2025-03-30 17:22:14,180 - app - ERROR - Exception on /api/detect [POST]
Traceback (most recent call last):
  File "C:\Users\91771\anaconda3\envs\myenv\lib\site-packages\flask\app.py", line 1473, in wsgi_app
    response = self.full_dispatch_request()
  File "C:\Users\91771\anaconda3\envs\myenv\lib\site-packages\flask\app.py", line 882, in full_dispatch_request
    rv = self.handle_user_exception(e)
  File "C:\Users\91771\anaconda3\envs\myenv\lib\site-packages\flask\app.py", line 880, in full_dispatch_request
    rv = self.dispatch_request()
  File "C:\Users\91771\anaconda3\envs\myenv\lib\site-packages\flask\app.py", line 865, in dispatch_request
    return self.ensure_sync(self.view_functions[rule.endpoint])(**view_args)  # type: ignore[no-any-return]
  File "D:\fraud-detection-system\app.py", line 133, in detect_fraud
    X = preprocess_transaction(transaction)
  File "D:\fraud-detection-system\app.py", line 93, in preprocess_transaction
    X = scaler.transform(df)
  File "C:\Users\91771\anaconda3\envs\myenv\lib\site-packages\sklearn\utils\_set_output.py", line 157, in wrapped
    data_to_wrap = f(self, X, *args, **kwargs)
  File "C:\Users\91771\anaconda3\envs\myenv\lib\site-packages\sklearn\preprocessing\_data.py", line 1006, in transform
    X = self._validate_data(
  File "C:\Users\91771\anaconda3\envs\myenv\lib\site-packages\sklearn\base.py", line 580, in _validate_data
    self._check_feature_names(X, reset=reset)
  File "C:\Users\91771\anaconda3\envs\myenv\lib\site-packages\sklearn\base.py", line 507, in _check_feature_names
    raise ValueError(message)
ValueError: The feature names should match those that were passed during fit.
Feature names unseen at fit time:
- amount
- country_AU
- country_BR
- country_CA
- country_CN
- ...
Feature names seen at fit time, yet now missing:
- feature_0
- feature_1
- feature_2
- feature_3
- feature_4
- ...

2025-03-30 17:22:14,185 - werkzeug - INFO - 127.0.0.1 - - [30/Mar/2025 17:22:14] "[35m[1mPOST /api/detect HTTP/1.1[0m" 500 -
2025-03-30 17:22:16,736 - app - ERROR - Exception on /api/detect [POST]
Traceback (most recent call last):
  File "C:\Users\91771\anaconda3\envs\myenv\lib\site-packages\flask\app.py", line 1473, in wsgi_app
    response = self.full_dispatch_request()
  File "C:\Users\91771\anaconda3\envs\myenv\lib\site-packages\flask\app.py", line 882, in full_dispatch_request
    rv = self.handle_user_exception(e)
  File "C:\Users\91771\anaconda3\envs\myenv\lib\site-packages\flask\app.py", line 880, in full_dispatch_request
    rv = self.dispatch_request()
  File "C:\Users\91771\anaconda3\envs\myenv\lib\site-packages\flask\app.py", line 865, in dispatch_request
    return self.ensure_sync(self.view_functions[rule.endpoint])(**view_args)  # type: ignore[no-any-return]
  File "D:\fraud-detection-system\app.py", line 133, in detect_fraud
    X = preprocess_transaction(transaction)
  File "D:\fraud-detection-system\app.py", line 93, in preprocess_transaction
    X = scaler.transform(df)
  File "C:\Users\91771\anaconda3\envs\myenv\lib\site-packages\sklearn\utils\_set_output.py", line 157, in wrapped
    data_to_wrap = f(self, X, *args, **kwargs)
  File "C:\Users\91771\anaconda3\envs\myenv\lib\site-packages\sklearn\preprocessing\_data.py", line 1006, in transform
    X = self._validate_data(
  File "C:\Users\91771\anaconda3\envs\myenv\lib\site-packages\sklearn\base.py", line 580, in _validate_data
    self._check_feature_names(X, reset=reset)
  File "C:\Users\91771\anaconda3\envs\myenv\lib\site-packages\sklearn\base.py", line 507, in _check_feature_names
    raise ValueError(message)
ValueError: The feature names should match those that were passed during fit.
Feature names unseen at fit time:
- amount
- country_AU
- country_BR
- country_CA
- country_CN
- ...
Feature names seen at fit time, yet now missing:
- feature_0
- feature_1
- feature_2
- feature_3
- feature_4
- ...

2025-03-30 17:22:16,742 - werkzeug - INFO - 127.0.0.1 - - [30/Mar/2025 17:22:16] "[35m[1mPOST /api/detect HTTP/1.1[0m" 500 -
2025-03-30 17:24:10,137 - werkzeug - INFO - 127.0.0.1 - - [30/Mar/2025 17:24:10] "GET / HTTP/1.1" 200 -
2025-03-30 17:24:15,289 - werkzeug - INFO - 127.0.0.1 - - [30/Mar/2025 17:24:15] "GET / HTTP/1.1" 200 -
2025-03-30 17:24:15,501 - werkzeug - INFO - 127.0.0.1 - - [30/Mar/2025 17:24:15] "GET /api/summary?days=30 HTTP/1.1" 200 -
2025-03-30 17:24:15,521 - werkzeug - INFO - 127.0.0.1 - - [30/Mar/2025 17:24:15] "GET /api/performance?days=30 HTTP/1.1" 200 -
2025-03-30 17:24:42,840 - werkzeug - INFO - 127.0.0.1 - - [30/Mar/2025 17:24:42] "[33mGET /api/summary HTTP/1.1[0m" 404 -
2025-03-30 17:29:24,823 - FraudDetectionSystem - INFO - Fraud Detection System initialized
2025-03-30 17:29:24,826 - FraudDetectionSystem - INFO - Starting streaming process
2025-03-30 17:29:24,827 - FraudDetectionSystem - INFO - Starting Flask API
2025-03-30 17:29:24,828 - FraudDetectionSystem - INFO - Starting Dashboard
2025-03-30 17:29:24,828 - FraudDetectionSystem - INFO - Streaming process started
2025-03-30 17:29:24,835 - kafka.conn - INFO - <BrokerConnection client_id=kafka-python-2.1.4, node_id=bootstrap-0 host=localhost:9092 <connecting> [IPv6 ('::1', 9092, 0, 0)]>: connecting to localhost:9092 [('::1', 9092, 0, 0) IPv6]
2025-03-30 17:29:24,839 - kafka.conn - INFO - <BrokerConnection client_id=kafka-python-2.1.4, node_id=bootstrap-0 host=localhost:9092 <checking_api_versions_recv> [IPv6 ('::1', 9092, 0, 0)]>: Broker version identified as 2.6
2025-03-30 17:29:24,839 - kafka.conn - INFO - <BrokerConnection client_id=kafka-python-2.1.4, node_id=bootstrap-0 host=localhost:9092 <connected> [IPv6 ('::1', 9092, 0, 0)]>: Connection complete.
2025-03-30 17:29:24,840 - kafka.consumer.subscription_state - INFO - Updating subscribed topics to: ('transactions',)
2025-03-30 17:29:25,892 - FraudDetectionSystem - INFO - Consumer started. Processing transactions...
2025-03-30 17:29:25,897 - kafka.conn - INFO - <BrokerConnection client_id=kafka-python-2.1.4, node_id=0 host=Aditya:9092 <connecting> [IPv6 ('fe80::4a48:b76e:4dc5:86a1', 9092, 0, 3)]>: connecting to Aditya:9092 [('fe80::4a48:b76e:4dc5:86a1', 9092, 0, 3) IPv6]
2025-03-30 17:29:25,898 - kafka.conn - INFO - <BrokerConnection client_id=kafka-python-2.1.4, node_id=0 host=Aditya:9092 <connected> [IPv6 ('fe80::4a48:b76e:4dc5:86a1', 9092, 0, 3)]>: Connection complete.
2025-03-30 17:29:25,898 - kafka.conn - INFO - <BrokerConnection client_id=kafka-python-2.1.4, node_id=bootstrap-0 host=localhost:9092 <connected> [IPv6 ('::1', 9092, 0, 0)]>: Closing connection. 
2025-03-30 17:29:26,014 - kafka.cluster - INFO - Group coordinator for fraud-detection-group is BrokerMetadata(nodeId='coordinator-0', host='Aditya', port=9092, rack=None)
2025-03-30 17:29:26,015 - kafka.coordinator - INFO - Discovered coordinator coordinator-0 for group fraud-detection-group
2025-03-30 17:29:26,015 - kafka.coordinator - INFO - Starting new heartbeat thread
2025-03-30 17:29:26,017 - kafka.coordinator.consumer - INFO - Revoking previously assigned partitions set() for group fraud-detection-group
2025-03-30 17:29:26,018 - kafka.conn - INFO - <BrokerConnection client_id=kafka-python-2.1.4, node_id=coordinator-0 host=Aditya:9092 <connecting> [IPv6 ('fe80::4a48:b76e:4dc5:86a1', 9092, 0, 3)]>: connecting to Aditya:9092 [('fe80::4a48:b76e:4dc5:86a1', 9092, 0, 3) IPv6]
2025-03-30 17:29:26,019 - kafka.conn - INFO - <BrokerConnection client_id=kafka-python-2.1.4, node_id=coordinator-0 host=Aditya:9092 <connected> [IPv6 ('fe80::4a48:b76e:4dc5:86a1', 9092, 0, 3)]>: Connection complete.
2025-03-30 17:29:26,138 - kafka.coordinator - INFO - (Re-)joining group fraud-detection-group
2025-03-30 17:29:26,151 - kafka.coordinator - INFO - Elected group leader -- performing partition assignments using range
2025-03-30 17:29:26,164 - kafka.coordinator - INFO - Successfully joined group fraud-detection-group with generation 1
2025-03-30 17:29:26,165 - kafka.consumer.subscription_state - INFO - Updated partition assignment: [TopicPartition(topic='transactions', partition=0)]
2025-03-30 17:29:26,168 - kafka.coordinator.consumer - INFO - Setting newly assigned partitions {TopicPartition(topic='transactions', partition=0)} for group fraud-detection-group
2025-03-30 17:29:26,533 - werkzeug - INFO - [31m[1mWARNING: This is a development server. Do not use it in a production deployment. Use a production WSGI server instead.[0m
 * Running on all addresses (0.0.0.0)
 * Running on http://127.0.0.1:5000
 * Running on http://192.168.0.107:5000
2025-03-30 17:29:26,534 - werkzeug - INFO - [33mPress CTRL+C to quit[0m
2025-03-30 17:29:29,839 - FraudDetectionSystem - INFO - Simulating 50 transactions
2025-03-30 17:29:29,846 - kafka.conn - INFO - <BrokerConnection client_id=kafka-python-producer-1, node_id=bootstrap-0 host=localhost:9092 <connecting> [IPv6 ('::1', 9092, 0, 0)]>: connecting to localhost:9092 [('::1', 9092, 0, 0) IPv6]
2025-03-30 17:29:29,852 - kafka.conn - INFO - <BrokerConnection client_id=kafka-python-producer-1, node_id=bootstrap-0 host=localhost:9092 <checking_api_versions_recv> [IPv6 ('::1', 9092, 0, 0)]>: Broker version identified as 2.6
2025-03-30 17:29:29,853 - kafka.conn - INFO - <BrokerConnection client_id=kafka-python-producer-1, node_id=bootstrap-0 host=localhost:9092 <connected> [IPv6 ('::1', 9092, 0, 0)]>: Connection complete.
2025-03-30 17:29:29,966 - kafka.conn - INFO - <BrokerConnection client_id=kafka-python-producer-1, node_id=0 host=Aditya:9092 <connecting> [IPv6 ('fe80::4a48:b76e:4dc5:86a1', 9092, 0, 3)]>: connecting to Aditya:9092 [('fe80::4a48:b76e:4dc5:86a1', 9092, 0, 3) IPv6]
2025-03-30 17:29:29,968 - kafka.conn - INFO - <BrokerConnection client_id=kafka-python-producer-1, node_id=0 host=Aditya:9092 <connected> [IPv6 ('fe80::4a48:b76e:4dc5:86a1', 9092, 0, 3)]>: Connection complete.
2025-03-30 17:29:29,968 - kafka.conn - INFO - <BrokerConnection client_id=kafka-python-producer-1, node_id=bootstrap-0 host=localhost:9092 <connected> [IPv6 ('::1', 9092, 0, 0)]>: Closing connection. 
2025-03-30 17:29:29,984 - FraudDetectionSystem - ERROR - Error in consumer thread: The feature names should match those that were passed during fit.
Feature names unseen at fit time:
- amount
- country_AU
- country_BR
- country_CA
- country_CN
- ...
Feature names seen at fit time, yet now missing:
- feature_0
- feature_1
- feature_2
- feature_3
- feature_4
- ...

2025-03-30 17:29:29,985 - FraudDetectionSystem - INFO - Consumer thread stopped
2025-03-30 17:29:55,530 - FraudDetectionSystem - INFO - Transaction simulation completed
2025-03-30 17:29:55,532 - kafka.conn - INFO - <BrokerConnection client_id=kafka-python-producer-1, node_id=0 host=Aditya:9092 <connected> [IPv6 ('fe80::4a48:b76e:4dc5:86a1', 9092, 0, 3)]>: Closing connection. 
2025-03-30 17:30:45,388 - werkzeug - INFO - 127.0.0.1 - - [30/Mar/2025 17:30:45] "GET / HTTP/1.1" 200 -
2025-03-30 17:34:24,308 - kafka.conn - ERROR - <BrokerConnection client_id=kafka-python-2.1.4, node_id=coordinator-0 host=Aditya:9092 <connected> [IPv6 ('fe80::4a48:b76e:4dc5:86a1', 9092, 0, 3)]>: socket disconnected
2025-03-30 17:34:24,309 - kafka.conn - ERROR - <BrokerConnection client_id=kafka-python-2.1.4, node_id=coordinator-0 host=Aditya:9092 <connected> [IPv6 ('fe80::4a48:b76e:4dc5:86a1', 9092, 0, 3)]>: Closing connection. KafkaConnectionError: socket disconnected
2025-03-30 17:34:24,310 - kafka.coordinator - ERROR - Error sending HeartbeatRequest_v2 to node coordinator-0 [KafkaConnectionError: socket disconnected]
2025-03-30 17:34:24,311 - kafka.coordinator - WARNING - Marking the coordinator dead (node coordinator-0) for group fraud-detection-group: KafkaConnectionError: socket disconnected.
2025-03-30 17:34:24,311 - kafka.conn - ERROR - <BrokerConnection client_id=kafka-python-2.1.4, node_id=0 host=Aditya:9092 <connected> [IPv6 ('fe80::4a48:b76e:4dc5:86a1', 9092, 0, 3)]>: Closing connection. KafkaConnectionError: Socket EVENT_READ without in-flight-requests
2025-03-30 17:34:24,417 - kafka.conn - INFO - <BrokerConnection client_id=kafka-python-2.1.4, node_id=0 host=Aditya:9092 <connecting> [IPv4 ('192.168.0.107', 9092)]>: connecting to Aditya:9092 [('192.168.0.107', 9092) IPv4]
2025-03-30 17:35:06,897 - kafka.conn - INFO - <BrokerConnection client_id=kafka-python-2.1.4, node_id=0 host=Aditya:9092 <connected> [IPv4 ('192.168.0.107', 9092)]>: Connection complete.
2025-03-30 17:35:07,586 - kafka.cluster - INFO - Group coordinator for fraud-detection-group is BrokerMetadata(nodeId='coordinator-0', host='Aditya', port=9092, rack=None)
2025-03-30 17:35:07,587 - kafka.coordinator - INFO - Discovered coordinator coordinator-0 for group fraud-detection-group
2025-03-30 17:35:07,707 - kafka.conn - INFO - <BrokerConnection client_id=kafka-python-2.1.4, node_id=coordinator-0 host=Aditya:9092 <connecting> [IPv4 ('192.168.0.107', 9092)]>: connecting to Aditya:9092 [('192.168.0.107', 9092) IPv4]
2025-03-30 17:35:07,709 - kafka.conn - INFO - <BrokerConnection client_id=kafka-python-2.1.4, node_id=coordinator-0 host=Aditya:9092 <connected> [IPv4 ('192.168.0.107', 9092)]>: Connection complete.
2025-03-30 17:35:41,583 - FraudDetectionSystem - INFO - Fraud Detection System initialized
2025-03-30 17:35:41,586 - FraudDetectionSystem - INFO - Starting streaming process
2025-03-30 17:35:41,586 - FraudDetectionSystem - INFO - Starting Flask API
2025-03-30 17:35:41,586 - FraudDetectionSystem - INFO - Starting Dashboard
2025-03-30 17:35:41,587 - FraudDetectionSystem - INFO - Streaming process started
2025-03-30 17:35:41,592 - kafka.conn - INFO - <BrokerConnection client_id=kafka-python-2.1.4, node_id=bootstrap-0 host=localhost:9092 <connecting> [IPv6 ('::1', 9092, 0, 0)]>: connecting to localhost:9092 [('::1', 9092, 0, 0) IPv6]
2025-03-30 17:35:41,611 - kafka.conn - INFO - <BrokerConnection client_id=kafka-python-2.1.4, node_id=bootstrap-0 host=localhost:9092 <checking_api_versions_recv> [IPv6 ('::1', 9092, 0, 0)]>: Broker version identified as 2.6
2025-03-30 17:35:41,614 - kafka.conn - INFO - <BrokerConnection client_id=kafka-python-2.1.4, node_id=bootstrap-0 host=localhost:9092 <connected> [IPv6 ('::1', 9092, 0, 0)]>: Connection complete.
2025-03-30 17:35:41,618 - kafka.consumer.subscription_state - INFO - Updating subscribed topics to: ('transactions',)
2025-03-30 17:35:42,299 - FraudDetectionSystem - INFO - Consumer started. Processing transactions...
2025-03-30 17:35:42,302 - kafka.conn - INFO - <BrokerConnection client_id=kafka-python-2.1.4, node_id=0 host=Aditya:9092 <connecting> [IPv6 ('fe80::4a48:b76e:4dc5:86a1', 9092, 0, 3)]>: connecting to Aditya:9092 [('fe80::4a48:b76e:4dc5:86a1', 9092, 0, 3) IPv6]
2025-03-30 17:35:42,303 - kafka.conn - INFO - <BrokerConnection client_id=kafka-python-2.1.4, node_id=0 host=Aditya:9092 <connected> [IPv6 ('fe80::4a48:b76e:4dc5:86a1', 9092, 0, 3)]>: Connection complete.
2025-03-30 17:35:42,303 - kafka.conn - INFO - <BrokerConnection client_id=kafka-python-2.1.4, node_id=bootstrap-0 host=localhost:9092 <connected> [IPv6 ('::1', 9092, 0, 0)]>: Closing connection. 
2025-03-30 17:35:42,416 - kafka.cluster - INFO - Group coordinator for fraud-detection-group is BrokerMetadata(nodeId='coordinator-0', host='Aditya', port=9092, rack=None)
2025-03-30 17:35:42,417 - kafka.coordinator - INFO - Discovered coordinator coordinator-0 for group fraud-detection-group
2025-03-30 17:35:42,417 - kafka.coordinator - INFO - Starting new heartbeat thread
2025-03-30 17:35:42,419 - kafka.coordinator.consumer - INFO - Revoking previously assigned partitions set() for group fraud-detection-group
2025-03-30 17:35:42,423 - kafka.conn - INFO - <BrokerConnection client_id=kafka-python-2.1.4, node_id=coordinator-0 host=Aditya:9092 <connecting> [IPv6 ('fe80::4a48:b76e:4dc5:86a1', 9092, 0, 3)]>: connecting to Aditya:9092 [('fe80::4a48:b76e:4dc5:86a1', 9092, 0, 3) IPv6]
2025-03-30 17:35:42,424 - kafka.conn - INFO - <BrokerConnection client_id=kafka-python-2.1.4, node_id=coordinator-0 host=Aditya:9092 <connected> [IPv6 ('fe80::4a48:b76e:4dc5:86a1', 9092, 0, 3)]>: Connection complete.
2025-03-30 17:35:42,537 - kafka.coordinator - INFO - (Re-)joining group fraud-detection-group
2025-03-30 17:35:42,572 - werkzeug - INFO - [31m[1mWARNING: This is a development server. Do not use it in a production deployment. Use a production WSGI server instead.[0m
 * Running on all addresses (0.0.0.0)
 * Running on http://127.0.0.1:5001
 * Running on http://192.168.0.107:5001
2025-03-30 17:35:42,574 - kafka.coordinator - INFO - Elected group leader -- performing partition assignments using range
2025-03-30 17:35:42,578 - werkzeug - INFO - [33mPress CTRL+C to quit[0m
2025-03-30 17:35:42,607 - kafka.coordinator - INFO - Successfully joined group fraud-detection-group with generation 3
2025-03-30 17:35:42,608 - kafka.consumer.subscription_state - INFO - Updated partition assignment: [TopicPartition(topic='transactions', partition=0)]
2025-03-30 17:35:42,609 - kafka.coordinator.consumer - INFO - Setting newly assigned partitions {TopicPartition(topic='transactions', partition=0)} for group fraud-detection-group
2025-03-30 17:35:42,934 - werkzeug - INFO - [31m[1mWARNING: This is a development server. Do not use it in a production deployment. Use a production WSGI server instead.[0m
 * Running on all addresses (0.0.0.0)
 * Running on http://127.0.0.1:5000
 * Running on http://192.168.0.107:5000
2025-03-30 17:35:42,945 - werkzeug - INFO - [33mPress CTRL+C to quit[0m
2025-03-30 17:35:46,601 - FraudDetectionSystem - INFO - Simulating 50 transactions
2025-03-30 17:35:46,614 - kafka.conn - INFO - <BrokerConnection client_id=kafka-python-producer-1, node_id=bootstrap-0 host=localhost:9092 <connecting> [IPv6 ('::1', 9092, 0, 0)]>: connecting to localhost:9092 [('::1', 9092, 0, 0) IPv6]
2025-03-30 17:35:46,622 - kafka.conn - INFO - <BrokerConnection client_id=kafka-python-producer-1, node_id=bootstrap-0 host=localhost:9092 <checking_api_versions_recv> [IPv6 ('::1', 9092, 0, 0)]>: Broker version identified as 2.6
2025-03-30 17:35:46,622 - kafka.conn - INFO - <BrokerConnection client_id=kafka-python-producer-1, node_id=bootstrap-0 host=localhost:9092 <connected> [IPv6 ('::1', 9092, 0, 0)]>: Connection complete.
2025-03-30 17:35:46,742 - kafka.conn - INFO - <BrokerConnection client_id=kafka-python-producer-1, node_id=0 host=Aditya:9092 <connecting> [IPv6 ('fe80::4a48:b76e:4dc5:86a1', 9092, 0, 3)]>: connecting to Aditya:9092 [('fe80::4a48:b76e:4dc5:86a1', 9092, 0, 3) IPv6]
2025-03-30 17:35:46,743 - kafka.conn - INFO - <BrokerConnection client_id=kafka-python-producer-1, node_id=0 host=Aditya:9092 <connected> [IPv6 ('fe80::4a48:b76e:4dc5:86a1', 9092, 0, 3)]>: Connection complete.
2025-03-30 17:35:46,744 - kafka.conn - INFO - <BrokerConnection client_id=kafka-python-producer-1, node_id=bootstrap-0 host=localhost:9092 <connected> [IPv6 ('::1', 9092, 0, 0)]>: Closing connection. 
2025-03-30 17:35:46,776 - FraudDetectionSystem - ERROR - Error in consumer thread: The feature names should match those that were passed during fit.
Feature names unseen at fit time:
- amount
- country_AU
- country_BR
- country_CA
- country_CN
- ...
Feature names seen at fit time, yet now missing:
- feature_0
- feature_1
- feature_2
- feature_3
- feature_4
- ...

2025-03-30 17:35:46,777 - FraudDetectionSystem - INFO - Consumer thread stopped
2025-03-30 17:36:12,366 - FraudDetectionSystem - INFO - Transaction simulation completed
2025-03-30 17:36:12,368 - kafka.conn - INFO - <BrokerConnection client_id=kafka-python-producer-1, node_id=0 host=Aditya:9092 <connected> [IPv6 ('fe80::4a48:b76e:4dc5:86a1', 9092, 0, 3)]>: Closing connection. 
2025-03-30 17:36:19,992 - werkzeug - INFO - 127.0.0.1 - - [30/Mar/2025 17:36:19] "GET / HTTP/1.1" 200 -
2025-03-30 17:36:23,310 - werkzeug - INFO - 127.0.0.1 - - [30/Mar/2025 17:36:23] "GET /api/performance?days=30 HTTP/1.1" 200 -
2025-03-30 17:36:23,344 - werkzeug - INFO - 127.0.0.1 - - [30/Mar/2025 17:36:23] "GET /api/summary?days=30 HTTP/1.1" 200 -
2025-03-30 17:36:41,980 - werkzeug - INFO - 127.0.0.1 - - [30/Mar/2025 17:36:41] "GET / HTTP/1.1" 200 -
2025-03-30 17:37:01,950 - app - ERROR - Exception on /api/detect [POST]
Traceback (most recent call last):
  File "C:\Users\91771\anaconda3\envs\myenv\lib\site-packages\flask\app.py", line 1473, in wsgi_app
    response = self.full_dispatch_request()
  File "C:\Users\91771\anaconda3\envs\myenv\lib\site-packages\flask\app.py", line 882, in full_dispatch_request
    rv = self.handle_user_exception(e)
  File "C:\Users\91771\anaconda3\envs\myenv\lib\site-packages\flask\app.py", line 880, in full_dispatch_request
    rv = self.dispatch_request()
  File "C:\Users\91771\anaconda3\envs\myenv\lib\site-packages\flask\app.py", line 865, in dispatch_request
    return self.ensure_sync(self.view_functions[rule.endpoint])(**view_args)  # type: ignore[no-any-return]
  File "D:\fraud-detection-system\app.py", line 131, in detect_fraud
    X = preprocess_transaction(transaction)
  File "D:\fraud-detection-system\app.py", line 91, in preprocess_transaction
    X = scaler.transform(df)
  File "C:\Users\91771\anaconda3\envs\myenv\lib\site-packages\sklearn\utils\_set_output.py", line 157, in wrapped
    data_to_wrap = f(self, X, *args, **kwargs)
  File "C:\Users\91771\anaconda3\envs\myenv\lib\site-packages\sklearn\preprocessing\_data.py", line 1006, in transform
    X = self._validate_data(
  File "C:\Users\91771\anaconda3\envs\myenv\lib\site-packages\sklearn\base.py", line 580, in _validate_data
    self._check_feature_names(X, reset=reset)
  File "C:\Users\91771\anaconda3\envs\myenv\lib\site-packages\sklearn\base.py", line 507, in _check_feature_names
    raise ValueError(message)
ValueError: The feature names should match those that were passed during fit.
Feature names unseen at fit time:
- amount
- country_AU
- country_BR
- country_CA
- country_CN
- ...
Feature names seen at fit time, yet now missing:
- feature_0
- feature_1
- feature_2
- feature_3
- feature_4
- ...

2025-03-30 17:37:01,970 - werkzeug - INFO - 127.0.0.1 - - [30/Mar/2025 17:37:01] "[35m[1mPOST /api/detect HTTP/1.1[0m" 500 -
2025-03-30 17:40:46,856 - kafka.coordinator - WARNING - Heartbeat poll expired, leaving group
2025-03-30 17:40:46,858 - kafka.coordinator - INFO - Leaving consumer group (fraud-detection-group).
2025-03-30 17:40:46,880 - kafka.coordinator - ERROR - Heartbeat thread for group fraud-detection-group failed due to unexpected error: cannot release un-acquired lock
2025-03-30 17:48:05,900 - werkzeug - INFO - 127.0.0.1 - - [30/Mar/2025 17:48:05] "GET / HTTP/1.1" 200 -
2025-03-30 17:48:09,810 - app - ERROR - Exception on /api/detect [POST]
Traceback (most recent call last):
  File "C:\Users\91771\anaconda3\envs\myenv\lib\site-packages\flask\app.py", line 1473, in wsgi_app
    response = self.full_dispatch_request()
  File "C:\Users\91771\anaconda3\envs\myenv\lib\site-packages\flask\app.py", line 882, in full_dispatch_request
    rv = self.handle_user_exception(e)
  File "C:\Users\91771\anaconda3\envs\myenv\lib\site-packages\flask\app.py", line 880, in full_dispatch_request
    rv = self.dispatch_request()
  File "C:\Users\91771\anaconda3\envs\myenv\lib\site-packages\flask\app.py", line 865, in dispatch_request
    return self.ensure_sync(self.view_functions[rule.endpoint])(**view_args)  # type: ignore[no-any-return]
  File "D:\fraud-detection-system\app.py", line 131, in detect_fraud
    X = preprocess_transaction(transaction)
  File "D:\fraud-detection-system\app.py", line 91, in preprocess_transaction
    X = scaler.transform(df)
  File "C:\Users\91771\anaconda3\envs\myenv\lib\site-packages\sklearn\utils\_set_output.py", line 157, in wrapped
    data_to_wrap = f(self, X, *args, **kwargs)
  File "C:\Users\91771\anaconda3\envs\myenv\lib\site-packages\sklearn\preprocessing\_data.py", line 1006, in transform
    X = self._validate_data(
  File "C:\Users\91771\anaconda3\envs\myenv\lib\site-packages\sklearn\base.py", line 580, in _validate_data
    self._check_feature_names(X, reset=reset)
  File "C:\Users\91771\anaconda3\envs\myenv\lib\site-packages\sklearn\base.py", line 507, in _check_feature_names
    raise ValueError(message)
ValueError: The feature names should match those that were passed during fit.
Feature names unseen at fit time:
- amount
- country_AU
- country_BR
- country_CA
- country_CN
- ...
Feature names seen at fit time, yet now missing:
- feature_0
- feature_1
- feature_2
- feature_3
- feature_4
- ...

2025-03-30 17:48:09,814 - werkzeug - INFO - 127.0.0.1 - - [30/Mar/2025 17:48:09] "[35m[1mPOST /api/detect HTTP/1.1[0m" 500 -
2025-03-30 17:51:53,372 - werkzeug - INFO - 127.0.0.1 - - [30/Mar/2025 17:51:53] "GET / HTTP/1.1" 200 -
2025-03-30 17:51:57,928 - app - ERROR - Exception on /api/detect [POST]
Traceback (most recent call last):
  File "C:\Users\91771\anaconda3\envs\myenv\lib\site-packages\flask\app.py", line 1473, in wsgi_app
    response = self.full_dispatch_request()
  File "C:\Users\91771\anaconda3\envs\myenv\lib\site-packages\flask\app.py", line 882, in full_dispatch_request
    rv = self.handle_user_exception(e)
  File "C:\Users\91771\anaconda3\envs\myenv\lib\site-packages\flask\app.py", line 880, in full_dispatch_request
    rv = self.dispatch_request()
  File "C:\Users\91771\anaconda3\envs\myenv\lib\site-packages\flask\app.py", line 865, in dispatch_request
    return self.ensure_sync(self.view_functions[rule.endpoint])(**view_args)  # type: ignore[no-any-return]
  File "D:\fraud-detection-system\app.py", line 131, in detect_fraud
    X = preprocess_transaction(transaction)
  File "D:\fraud-detection-system\app.py", line 91, in preprocess_transaction
    X = scaler.transform(df)
  File "C:\Users\91771\anaconda3\envs\myenv\lib\site-packages\sklearn\utils\_set_output.py", line 157, in wrapped
    data_to_wrap = f(self, X, *args, **kwargs)
  File "C:\Users\91771\anaconda3\envs\myenv\lib\site-packages\sklearn\preprocessing\_data.py", line 1006, in transform
    X = self._validate_data(
  File "C:\Users\91771\anaconda3\envs\myenv\lib\site-packages\sklearn\base.py", line 580, in _validate_data
    self._check_feature_names(X, reset=reset)
  File "C:\Users\91771\anaconda3\envs\myenv\lib\site-packages\sklearn\base.py", line 507, in _check_feature_names
    raise ValueError(message)
ValueError: The feature names should match those that were passed during fit.
Feature names unseen at fit time:
- amount
- country_AU
- country_BR
- country_CA
- country_CN
- ...
Feature names seen at fit time, yet now missing:
- feature_0
- feature_1
- feature_2
- feature_3
- feature_4
- ...

2025-03-30 17:51:57,930 - werkzeug - INFO - 127.0.0.1 - - [30/Mar/2025 17:51:57] "[35m[1mPOST /api/detect HTTP/1.1[0m" 500 -
2025-03-30 17:52:00,838 - werkzeug - INFO - 127.0.0.1 - - [30/Mar/2025 17:52:00] "GET / HTTP/1.1" 200 -
2025-03-30 17:52:39,174 - werkzeug - INFO - 127.0.0.1 - - [30/Mar/2025 17:52:39] "GET / HTTP/1.1" 200 -
2025-03-30 17:52:41,346 - werkzeug - INFO - 127.0.0.1 - - [30/Mar/2025 17:52:41] "GET / HTTP/1.1" 200 -
2025-03-30 17:52:54,683 - werkzeug - INFO - 127.0.0.1 - - [30/Mar/2025 17:52:54] "GET / HTTP/1.1" 200 -
2025-03-30 17:52:55,406 - werkzeug - INFO - 127.0.0.1 - - [30/Mar/2025 17:52:55] "GET / HTTP/1.1" 200 -
2025-03-30 17:52:55,614 - werkzeug - INFO - 127.0.0.1 - - [30/Mar/2025 17:52:55] "GET / HTTP/1.1" 200 -
2025-03-30 17:52:57,874 - werkzeug - INFO - 127.0.0.1 - - [30/Mar/2025 17:52:57] "GET / HTTP/1.1" 200 -
2025-03-30 17:53:02,923 - app - ERROR - Exception on /api/detect [POST]
Traceback (most recent call last):
  File "C:\Users\91771\anaconda3\envs\myenv\lib\site-packages\flask\app.py", line 1473, in wsgi_app
    response = self.full_dispatch_request()
  File "C:\Users\91771\anaconda3\envs\myenv\lib\site-packages\flask\app.py", line 882, in full_dispatch_request
    rv = self.handle_user_exception(e)
  File "C:\Users\91771\anaconda3\envs\myenv\lib\site-packages\flask\app.py", line 880, in full_dispatch_request
    rv = self.dispatch_request()
  File "C:\Users\91771\anaconda3\envs\myenv\lib\site-packages\flask\app.py", line 865, in dispatch_request
    return self.ensure_sync(self.view_functions[rule.endpoint])(**view_args)  # type: ignore[no-any-return]
  File "D:\fraud-detection-system\app.py", line 131, in detect_fraud
    X = preprocess_transaction(transaction)
  File "D:\fraud-detection-system\app.py", line 91, in preprocess_transaction
    X = scaler.transform(df)
  File "C:\Users\91771\anaconda3\envs\myenv\lib\site-packages\sklearn\utils\_set_output.py", line 157, in wrapped
    data_to_wrap = f(self, X, *args, **kwargs)
  File "C:\Users\91771\anaconda3\envs\myenv\lib\site-packages\sklearn\preprocessing\_data.py", line 1006, in transform
    X = self._validate_data(
  File "C:\Users\91771\anaconda3\envs\myenv\lib\site-packages\sklearn\base.py", line 580, in _validate_data
    self._check_feature_names(X, reset=reset)
  File "C:\Users\91771\anaconda3\envs\myenv\lib\site-packages\sklearn\base.py", line 507, in _check_feature_names
    raise ValueError(message)
ValueError: The feature names should match those that were passed during fit.
Feature names unseen at fit time:
- amount
- country_AU
- country_BR
- country_CA
- country_CN
- ...
Feature names seen at fit time, yet now missing:
- feature_0
- feature_1
- feature_2
- feature_3
- feature_4
- ...

2025-03-30 17:53:02,930 - werkzeug - INFO - 127.0.0.1 - - [30/Mar/2025 17:53:02] "[35m[1mPOST /api/detect HTTP/1.1[0m" 500 -
2025-03-30 17:54:03,486 - FraudDetectionSystem - INFO - Fraud Detection System initialized
2025-03-30 17:54:03,497 - FraudDetectionSystem - INFO - Starting streaming process
2025-03-30 17:54:03,500 - FraudDetectionSystem - INFO - Starting Flask API
2025-03-30 17:54:03,501 - FraudDetectionSystem - INFO - Streaming process started
2025-03-30 17:54:03,501 - FraudDetectionSystem - INFO - Starting Dashboard
2025-03-30 17:54:03,509 - kafka.conn - INFO - <BrokerConnection client_id=kafka-python-2.1.4, node_id=bootstrap-0 host=localhost:9092 <connecting> [IPv6 ('::1', 9092, 0, 0)]>: connecting to localhost:9092 [('::1', 9092, 0, 0) IPv6]
2025-03-30 17:54:03,518 - kafka.conn - INFO - <BrokerConnection client_id=kafka-python-2.1.4, node_id=bootstrap-0 host=localhost:9092 <checking_api_versions_recv> [IPv6 ('::1', 9092, 0, 0)]>: Broker version identified as 2.6
2025-03-30 17:54:03,521 - kafka.conn - INFO - <BrokerConnection client_id=kafka-python-2.1.4, node_id=bootstrap-0 host=localhost:9092 <connected> [IPv6 ('::1', 9092, 0, 0)]>: Connection complete.
2025-03-30 17:54:03,524 - kafka.consumer.subscription_state - INFO - Updating subscribed topics to: ('transactions',)
2025-03-30 17:54:04,095 - FraudDetectionSystem - INFO - Consumer started. Processing transactions...
2025-03-30 17:54:04,098 - kafka.conn - INFO - <BrokerConnection client_id=kafka-python-2.1.4, node_id=0 host=Aditya:9092 <connecting> [IPv6 ('fe80::4a48:b76e:4dc5:86a1', 9092, 0, 3)]>: connecting to Aditya:9092 [('fe80::4a48:b76e:4dc5:86a1', 9092, 0, 3) IPv6]
2025-03-30 17:54:04,099 - kafka.conn - INFO - <BrokerConnection client_id=kafka-python-2.1.4, node_id=0 host=Aditya:9092 <connected> [IPv6 ('fe80::4a48:b76e:4dc5:86a1', 9092, 0, 3)]>: Connection complete.
2025-03-30 17:54:04,100 - kafka.conn - INFO - <BrokerConnection client_id=kafka-python-2.1.4, node_id=bootstrap-0 host=localhost:9092 <connected> [IPv6 ('::1', 9092, 0, 0)]>: Closing connection. 
2025-03-30 17:54:04,213 - kafka.cluster - INFO - Group coordinator for fraud-detection-group is BrokerMetadata(nodeId='coordinator-0', host='Aditya', port=9092, rack=None)
2025-03-30 17:54:04,213 - kafka.coordinator - INFO - Discovered coordinator coordinator-0 for group fraud-detection-group
2025-03-30 17:54:04,213 - kafka.coordinator - INFO - Starting new heartbeat thread
2025-03-30 17:54:04,215 - kafka.coordinator.consumer - INFO - Revoking previously assigned partitions set() for group fraud-detection-group
2025-03-30 17:54:04,216 - kafka.conn - INFO - <BrokerConnection client_id=kafka-python-2.1.4, node_id=coordinator-0 host=Aditya:9092 <connecting> [IPv6 ('fe80::4a48:b76e:4dc5:86a1', 9092, 0, 3)]>: connecting to Aditya:9092 [('fe80::4a48:b76e:4dc5:86a1', 9092, 0, 3) IPv6]
2025-03-30 17:54:04,217 - kafka.conn - INFO - <BrokerConnection client_id=kafka-python-2.1.4, node_id=coordinator-0 host=Aditya:9092 <connected> [IPv6 ('fe80::4a48:b76e:4dc5:86a1', 9092, 0, 3)]>: Connection complete.
2025-03-30 17:54:04,301 - werkzeug - INFO - [31m[1mWARNING: This is a development server. Do not use it in a production deployment. Use a production WSGI server instead.[0m
 * Running on all addresses (0.0.0.0)
 * Running on http://127.0.0.1:5001
 * Running on http://192.168.0.107:5001
2025-03-30 17:54:04,304 - werkzeug - INFO - [33mPress CTRL+C to quit[0m
2025-03-30 17:54:04,326 - kafka.coordinator - INFO - (Re-)joining group fraud-detection-group
2025-03-30 17:54:04,337 - kafka.coordinator - INFO - Elected group leader -- performing partition assignments using range
2025-03-30 17:54:04,347 - kafka.coordinator - INFO - Successfully joined group fraud-detection-group with generation 1
2025-03-30 17:54:04,349 - kafka.consumer.subscription_state - INFO - Updated partition assignment: [TopicPartition(topic='transactions', partition=0)]
2025-03-30 17:54:04,350 - kafka.coordinator.consumer - INFO - Setting newly assigned partitions {TopicPartition(topic='transactions', partition=0)} for group fraud-detection-group
2025-03-30 17:54:04,618 - werkzeug - INFO - [31m[1mWARNING: This is a development server. Do not use it in a production deployment. Use a production WSGI server instead.[0m
 * Running on all addresses (0.0.0.0)
 * Running on http://127.0.0.1:5000
 * Running on http://192.168.0.107:5000
2025-03-30 17:54:04,619 - werkzeug - INFO - [33mPress CTRL+C to quit[0m
2025-03-30 17:54:08,513 - FraudDetectionSystem - INFO - Simulating 50 transactions
2025-03-30 17:54:08,522 - kafka.conn - INFO - <BrokerConnection client_id=kafka-python-producer-1, node_id=bootstrap-0 host=localhost:9092 <connecting> [IPv6 ('::1', 9092, 0, 0)]>: connecting to localhost:9092 [('::1', 9092, 0, 0) IPv6]
2025-03-30 17:54:08,525 - kafka.conn - INFO - <BrokerConnection client_id=kafka-python-producer-1, node_id=bootstrap-0 host=localhost:9092 <checking_api_versions_recv> [IPv6 ('::1', 9092, 0, 0)]>: Broker version identified as 2.6
2025-03-30 17:54:08,526 - kafka.conn - INFO - <BrokerConnection client_id=kafka-python-producer-1, node_id=bootstrap-0 host=localhost:9092 <connected> [IPv6 ('::1', 9092, 0, 0)]>: Connection complete.
2025-03-30 17:54:08,641 - kafka.conn - INFO - <BrokerConnection client_id=kafka-python-producer-1, node_id=0 host=Aditya:9092 <connecting> [IPv6 ('fe80::4a48:b76e:4dc5:86a1', 9092, 0, 3)]>: connecting to Aditya:9092 [('fe80::4a48:b76e:4dc5:86a1', 9092, 0, 3) IPv6]
2025-03-30 17:54:08,644 - kafka.conn - INFO - <BrokerConnection client_id=kafka-python-producer-1, node_id=0 host=Aditya:9092 <connected> [IPv6 ('fe80::4a48:b76e:4dc5:86a1', 9092, 0, 3)]>: Connection complete.
2025-03-30 17:54:08,645 - kafka.conn - INFO - <BrokerConnection client_id=kafka-python-producer-1, node_id=bootstrap-0 host=localhost:9092 <connected> [IPv6 ('::1', 9092, 0, 0)]>: Closing connection. 
2025-03-30 17:54:08,684 - FraudDetectionSystem - ERROR - Error in consumer thread: The feature names should match those that were passed during fit.
Feature names unseen at fit time:
- amount
- country_AU
- country_BR
- country_CA
- country_CN
- ...
Feature names seen at fit time, yet now missing:
- feature_0
- feature_1
- feature_2
- feature_3
- feature_4
- ...

2025-03-30 17:54:08,685 - FraudDetectionSystem - INFO - Consumer thread stopped
2025-03-30 17:54:34,257 - FraudDetectionSystem - INFO - Transaction simulation completed
2025-03-30 17:54:34,257 - kafka.conn - INFO - <BrokerConnection client_id=kafka-python-producer-1, node_id=0 host=Aditya:9092 <connected> [IPv6 ('fe80::4a48:b76e:4dc5:86a1', 9092, 0, 3)]>: Closing connection. 
2025-03-30 17:54:43,132 - werkzeug - INFO - 127.0.0.1 - - [30/Mar/2025 17:54:43] "GET / HTTP/1.1" 200 -
2025-03-30 17:54:51,454 - werkzeug - INFO - 127.0.0.1 - - [30/Mar/2025 17:54:51] "GET / HTTP/1.1" 200 -
2025-03-30 17:55:21,250 - werkzeug - INFO - 127.0.0.1 - - [30/Mar/2025 17:55:21] "GET / HTTP/1.1" 200 -
2025-03-30 17:55:21,707 - werkzeug - INFO - 127.0.0.1 - - [30/Mar/2025 17:55:21] "GET /api/performance?days=30 HTTP/1.1" 200 -
2025-03-30 17:55:21,715 - werkzeug - INFO - 127.0.0.1 - - [30/Mar/2025 17:55:21] "GET /api/summary?days=30 HTTP/1.1" 200 -
2025-04-01 01:58:16,005 - FraudDetectionSystem - INFO - Fraud Detection System initialized
2025-04-01 01:58:16,012 - FraudDetectionSystem - INFO - Starting streaming process
2025-04-01 01:58:16,012 - FraudDetectionSystem - INFO - Starting Flask API
2025-04-01 01:58:16,014 - FraudDetectionSystem - INFO - Starting Dashboard
2025-04-01 01:58:16,015 - FraudDetectionSystem - INFO - Streaming process started
2025-04-01 01:58:16,033 - kafka.conn - INFO - <BrokerConnection client_id=kafka-python-2.1.4, node_id=bootstrap-0 host=localhost:9092 <connecting> [IPv6 ('::1', 9092, 0, 0)]>: connecting to localhost:9092 [('::1', 9092, 0, 0) IPv6]
2025-04-01 01:58:16,062 - kafka.conn - INFO - <BrokerConnection client_id=kafka-python-2.1.4, node_id=bootstrap-0 host=localhost:9092 <checking_api_versions_recv> [IPv6 ('::1', 9092, 0, 0)]>: Broker version identified as 2.6
2025-04-01 01:58:16,063 - kafka.conn - INFO - <BrokerConnection client_id=kafka-python-2.1.4, node_id=bootstrap-0 host=localhost:9092 <connected> [IPv6 ('::1', 9092, 0, 0)]>: Connection complete.
2025-04-01 01:58:16,065 - kafka.consumer.subscription_state - INFO - Updating subscribed topics to: ('transactions',)
2025-04-01 01:58:18,050 - FraudDetectionSystem - INFO - Consumer started. Processing transactions...
2025-04-01 01:58:18,092 - kafka.conn - INFO - <BrokerConnection client_id=kafka-python-2.1.4, node_id=0 host=Aditya:9092 <connecting> [IPv6 ('fe80::4a48:b76e:4dc5:86a1', 9092, 0, 3)]>: connecting to Aditya:9092 [('fe80::4a48:b76e:4dc5:86a1', 9092, 0, 3) IPv6]
2025-04-01 01:58:18,099 - kafka.conn - INFO - <BrokerConnection client_id=kafka-python-2.1.4, node_id=0 host=Aditya:9092 <connected> [IPv6 ('fe80::4a48:b76e:4dc5:86a1', 9092, 0, 3)]>: Connection complete.
2025-04-01 01:58:18,099 - kafka.conn - INFO - <BrokerConnection client_id=kafka-python-2.1.4, node_id=bootstrap-0 host=localhost:9092 <connected> [IPv6 ('::1', 9092, 0, 0)]>: Closing connection. 
2025-04-01 01:58:18,231 - kafka.cluster - INFO - Group coordinator for fraud-detection-group is BrokerMetadata(nodeId='coordinator-0', host='Aditya', port=9092, rack=None)
2025-04-01 01:58:18,239 - kafka.coordinator - INFO - Discovered coordinator coordinator-0 for group fraud-detection-group
2025-04-01 01:58:18,240 - kafka.coordinator - INFO - Starting new heartbeat thread
2025-04-01 01:58:18,240 - kafka.coordinator.consumer - INFO - Revoking previously assigned partitions set() for group fraud-detection-group
2025-04-01 01:58:18,240 - kafka.conn - INFO - <BrokerConnection client_id=kafka-python-2.1.4, node_id=coordinator-0 host=Aditya:9092 <connecting> [IPv6 ('fe80::4a48:b76e:4dc5:86a1', 9092, 0, 3)]>: connecting to Aditya:9092 [('fe80::4a48:b76e:4dc5:86a1', 9092, 0, 3) IPv6]
2025-04-01 01:58:18,240 - kafka.conn - INFO - <BrokerConnection client_id=kafka-python-2.1.4, node_id=coordinator-0 host=Aditya:9092 <connected> [IPv6 ('fe80::4a48:b76e:4dc5:86a1', 9092, 0, 3)]>: Connection complete.
2025-04-01 01:58:18,363 - kafka.coordinator - INFO - (Re-)joining group fraud-detection-group
2025-04-01 01:58:18,405 - kafka.coordinator - INFO - Elected group leader -- performing partition assignments using range
2025-04-01 01:58:18,437 - kafka.coordinator - INFO - Successfully joined group fraud-detection-group with generation 3
2025-04-01 01:58:18,446 - kafka.consumer.subscription_state - INFO - Updated partition assignment: [TopicPartition(topic='transactions', partition=0)]
2025-04-01 01:58:18,446 - kafka.coordinator.consumer - INFO - Setting newly assigned partitions {TopicPartition(topic='transactions', partition=0)} for group fraud-detection-group
2025-04-01 01:58:20,312 - werkzeug - INFO - [31m[1mWARNING: This is a development server. Do not use it in a production deployment. Use a production WSGI server instead.[0m
 * Running on all addresses (0.0.0.0)
 * Running on http://127.0.0.1:5000
 * Running on http://192.168.0.107:5000
2025-04-01 01:58:20,312 - werkzeug - INFO - [33mPress CTRL+C to quit[0m
2025-04-01 01:58:21,030 - FraudDetectionSystem - INFO - Simulating 50 transactions
2025-04-01 01:58:21,032 - kafka.conn - INFO - <BrokerConnection client_id=kafka-python-producer-1, node_id=bootstrap-0 host=localhost:9092 <connecting> [IPv6 ('::1', 9092, 0, 0)]>: connecting to localhost:9092 [('::1', 9092, 0, 0) IPv6]
2025-04-01 01:58:21,043 - kafka.conn - INFO - <BrokerConnection client_id=kafka-python-producer-1, node_id=bootstrap-0 host=localhost:9092 <checking_api_versions_recv> [IPv6 ('::1', 9092, 0, 0)]>: Broker version identified as 2.6
2025-04-01 01:58:21,043 - kafka.conn - INFO - <BrokerConnection client_id=kafka-python-producer-1, node_id=bootstrap-0 host=localhost:9092 <connected> [IPv6 ('::1', 9092, 0, 0)]>: Connection complete.
2025-04-01 01:58:21,163 - kafka.conn - INFO - <BrokerConnection client_id=kafka-python-producer-1, node_id=0 host=Aditya:9092 <connecting> [IPv6 ('fe80::4a48:b76e:4dc5:86a1', 9092, 0, 3)]>: connecting to Aditya:9092 [('fe80::4a48:b76e:4dc5:86a1', 9092, 0, 3) IPv6]
2025-04-01 01:58:21,167 - kafka.conn - INFO - <BrokerConnection client_id=kafka-python-producer-1, node_id=0 host=Aditya:9092 <connected> [IPv6 ('fe80::4a48:b76e:4dc5:86a1', 9092, 0, 3)]>: Connection complete.
2025-04-01 01:58:21,167 - kafka.conn - INFO - <BrokerConnection client_id=kafka-python-producer-1, node_id=bootstrap-0 host=localhost:9092 <connected> [IPv6 ('::1', 9092, 0, 0)]>: Closing connection. 
2025-04-01 01:58:21,220 - FraudDetectionSystem - ERROR - Error in consumer thread: The feature names should match those that were passed during fit.
Feature names unseen at fit time:
- amount
- country_AU
- country_BR
- country_CA
- country_CN
- ...
Feature names seen at fit time, yet now missing:
- feature_0
- feature_1
- feature_2
- feature_3
- feature_4
- ...

2025-04-01 01:58:21,220 - FraudDetectionSystem - INFO - Consumer thread stopped
2025-04-01 01:58:46,622 - FraudDetectionSystem - INFO - Transaction simulation completed
2025-04-01 01:58:46,626 - kafka.conn - INFO - <BrokerConnection client_id=kafka-python-producer-1, node_id=0 host=Aditya:9092 <connected> [IPv6 ('fe80::4a48:b76e:4dc5:86a1', 9092, 0, 3)]>: Closing connection. 
2025-04-01 02:03:29,340 - FraudDetectionSystem - INFO - Fraud Detection System initialized
2025-04-01 02:03:29,347 - FraudDetectionSystem - INFO - Starting streaming process
2025-04-01 02:03:29,347 - FraudDetectionSystem - INFO - Starting Flask API
2025-04-01 02:03:29,356 - FraudDetectionSystem - INFO - Streaming process started
2025-04-01 02:03:29,356 - FraudDetectionSystem - INFO - Starting Dashboard
2025-04-01 02:03:29,364 - kafka.conn - INFO - <BrokerConnection client_id=kafka-python-2.1.4, node_id=bootstrap-0 host=localhost:9092 <connecting> [IPv6 ('::1', 9092, 0, 0)]>: connecting to localhost:9092 [('::1', 9092, 0, 0) IPv6]
2025-04-01 02:03:29,374 - kafka.conn - INFO - <BrokerConnection client_id=kafka-python-2.1.4, node_id=bootstrap-0 host=localhost:9092 <checking_api_versions_recv> [IPv6 ('::1', 9092, 0, 0)]>: Broker version identified as 2.6
2025-04-01 02:03:29,381 - kafka.conn - INFO - <BrokerConnection client_id=kafka-python-2.1.4, node_id=bootstrap-0 host=localhost:9092 <connected> [IPv6 ('::1', 9092, 0, 0)]>: Connection complete.
2025-04-01 02:03:29,381 - kafka.consumer.subscription_state - INFO - Updating subscribed topics to: ('transactions',)
2025-04-01 02:03:30,901 - FraudDetectionSystem - INFO - Consumer started. Processing transactions...
2025-04-01 02:03:30,906 - kafka.conn - INFO - <BrokerConnection client_id=kafka-python-2.1.4, node_id=0 host=Aditya:9092 <connecting> [IPv6 ('fe80::4a48:b76e:4dc5:86a1', 9092, 0, 3)]>: connecting to Aditya:9092 [('fe80::4a48:b76e:4dc5:86a1', 9092, 0, 3) IPv6]
2025-04-01 02:03:30,915 - kafka.conn - INFO - <BrokerConnection client_id=kafka-python-2.1.4, node_id=0 host=Aditya:9092 <connected> [IPv6 ('fe80::4a48:b76e:4dc5:86a1', 9092, 0, 3)]>: Connection complete.
2025-04-01 02:03:30,915 - kafka.conn - INFO - <BrokerConnection client_id=kafka-python-2.1.4, node_id=bootstrap-0 host=localhost:9092 <connected> [IPv6 ('::1', 9092, 0, 0)]>: Closing connection. 
2025-04-01 02:03:31,022 - kafka.cluster - INFO - Group coordinator for fraud-detection-group is BrokerMetadata(nodeId='coordinator-0', host='Aditya', port=9092, rack=None)
2025-04-01 02:03:31,022 - kafka.coordinator - INFO - Discovered coordinator coordinator-0 for group fraud-detection-group
2025-04-01 02:03:31,022 - kafka.coordinator - INFO - Starting new heartbeat thread
2025-04-01 02:03:31,031 - kafka.coordinator.consumer - INFO - Revoking previously assigned partitions set() for group fraud-detection-group
2025-04-01 02:03:31,033 - kafka.conn - INFO - <BrokerConnection client_id=kafka-python-2.1.4, node_id=coordinator-0 host=Aditya:9092 <connecting> [IPv6 ('fe80::4a48:b76e:4dc5:86a1', 9092, 0, 3)]>: connecting to Aditya:9092 [('fe80::4a48:b76e:4dc5:86a1', 9092, 0, 3) IPv6]
2025-04-01 02:03:31,033 - kafka.conn - INFO - <BrokerConnection client_id=kafka-python-2.1.4, node_id=coordinator-0 host=Aditya:9092 <connected> [IPv6 ('fe80::4a48:b76e:4dc5:86a1', 9092, 0, 3)]>: Connection complete.
2025-04-01 02:03:31,145 - kafka.coordinator - INFO - (Re-)joining group fraud-detection-group
2025-04-01 02:03:31,153 - kafka.coordinator - INFO - Elected group leader -- performing partition assignments using range
2025-04-01 02:03:31,171 - kafka.coordinator - INFO - Successfully joined group fraud-detection-group with generation 5
2025-04-01 02:03:31,171 - kafka.consumer.subscription_state - INFO - Updated partition assignment: [TopicPartition(topic='transactions', partition=0)]
2025-04-01 02:03:31,171 - kafka.coordinator.consumer - INFO - Setting newly assigned partitions {TopicPartition(topic='transactions', partition=0)} for group fraud-detection-group
2025-04-01 02:03:32,516 - werkzeug - INFO - [31m[1mWARNING: This is a development server. Do not use it in a production deployment. Use a production WSGI server instead.[0m
 * Running on all addresses (0.0.0.0)
 * Running on http://127.0.0.1:5000
 * Running on http://192.168.0.107:5000
2025-04-01 02:03:32,516 - werkzeug - INFO - [33mPress CTRL+C to quit[0m
2025-04-01 02:03:34,366 - FraudDetectionSystem - INFO - Simulating 50 transactions
2025-04-01 02:03:34,367 - kafka.conn - INFO - <BrokerConnection client_id=kafka-python-producer-1, node_id=bootstrap-0 host=localhost:9092 <connecting> [IPv6 ('::1', 9092, 0, 0)]>: connecting to localhost:9092 [('::1', 9092, 0, 0) IPv6]
2025-04-01 02:03:34,375 - kafka.conn - INFO - <BrokerConnection client_id=kafka-python-producer-1, node_id=bootstrap-0 host=localhost:9092 <checking_api_versions_recv> [IPv6 ('::1', 9092, 0, 0)]>: Broker version identified as 2.6
2025-04-01 02:03:34,375 - kafka.conn - INFO - <BrokerConnection client_id=kafka-python-producer-1, node_id=bootstrap-0 host=localhost:9092 <connected> [IPv6 ('::1', 9092, 0, 0)]>: Connection complete.
2025-04-01 02:03:34,494 - kafka.conn - INFO - <BrokerConnection client_id=kafka-python-producer-1, node_id=0 host=Aditya:9092 <connecting> [IPv6 ('fe80::4a48:b76e:4dc5:86a1', 9092, 0, 3)]>: connecting to Aditya:9092 [('fe80::4a48:b76e:4dc5:86a1', 9092, 0, 3) IPv6]
2025-04-01 02:03:34,494 - kafka.conn - INFO - <BrokerConnection client_id=kafka-python-producer-1, node_id=0 host=Aditya:9092 <connected> [IPv6 ('fe80::4a48:b76e:4dc5:86a1', 9092, 0, 3)]>: Connection complete.
2025-04-01 02:03:34,494 - kafka.conn - INFO - <BrokerConnection client_id=kafka-python-producer-1, node_id=bootstrap-0 host=localhost:9092 <connected> [IPv6 ('::1', 9092, 0, 0)]>: Closing connection. 
2025-04-01 02:03:36,182 - FraudDetectionSystem - ERROR - Error in consumer thread: The feature names should match those that were passed during fit.
Feature names unseen at fit time:
- amount
- country_AU
- country_BR
- country_CA
- country_CN
- ...
Feature names seen at fit time, yet now missing:
- feature_0
- feature_1
- feature_2
- feature_3
- feature_4
- ...

2025-04-01 02:03:36,182 - FraudDetectionSystem - INFO - Consumer thread stopped
2025-04-01 02:03:59,900 - FraudDetectionSystem - INFO - Transaction simulation completed
2025-04-01 02:03:59,902 - kafka.conn - INFO - <BrokerConnection client_id=kafka-python-producer-1, node_id=0 host=Aditya:9092 <connected> [IPv6 ('fe80::4a48:b76e:4dc5:86a1', 9092, 0, 3)]>: Closing connection. 
2025-04-01 02:04:06,229 - werkzeug - INFO - 127.0.0.1 - - [01/Apr/2025 02:04:06] "GET / HTTP/1.1" 200 -
2025-04-01 02:04:06,909 - werkzeug - INFO - 127.0.0.1 - - [01/Apr/2025 02:04:06] "[33mGET /favicon.ico HTTP/1.1[0m" 404 -
2025-04-01 02:07:43,584 - FraudDetectionSystem - INFO - Fraud Detection System initialized
2025-04-01 02:07:43,593 - FraudDetectionSystem - INFO - Starting streaming process
2025-04-01 02:07:43,593 - FraudDetectionSystem - INFO - Starting Flask API
2025-04-01 02:07:43,593 - FraudDetectionSystem - INFO - Starting Dashboard
2025-04-01 02:07:43,601 - FraudDetectionSystem - INFO - Streaming process started
2025-04-01 02:07:43,622 - kafka.conn - INFO - <BrokerConnection client_id=kafka-python-2.1.4, node_id=bootstrap-0 host=localhost:9092 <connecting> [IPv6 ('::1', 9092, 0, 0)]>: connecting to localhost:9092 [('::1', 9092, 0, 0) IPv6]
2025-04-01 02:07:43,625 - kafka.conn - INFO - <BrokerConnection client_id=kafka-python-2.1.4, node_id=bootstrap-0 host=localhost:9092 <checking_api_versions_recv> [IPv6 ('::1', 9092, 0, 0)]>: Broker version identified as 2.6
2025-04-01 02:07:43,625 - kafka.conn - INFO - <BrokerConnection client_id=kafka-python-2.1.4, node_id=bootstrap-0 host=localhost:9092 <connected> [IPv6 ('::1', 9092, 0, 0)]>: Connection complete.
2025-04-01 02:07:43,633 - kafka.consumer.subscription_state - INFO - Updating subscribed topics to: ('transactions',)
2025-04-01 02:07:45,905 - FraudDetectionSystem - INFO - Consumer started. Processing transactions...
2025-04-01 02:07:45,913 - kafka.conn - INFO - <BrokerConnection client_id=kafka-python-2.1.4, node_id=0 host=Aditya:9092 <connecting> [IPv6 ('fe80::4a48:b76e:4dc5:86a1', 9092, 0, 3)]>: connecting to Aditya:9092 [('fe80::4a48:b76e:4dc5:86a1', 9092, 0, 3) IPv6]
2025-04-01 02:07:45,913 - kafka.conn - INFO - <BrokerConnection client_id=kafka-python-2.1.4, node_id=0 host=Aditya:9092 <connected> [IPv6 ('fe80::4a48:b76e:4dc5:86a1', 9092, 0, 3)]>: Connection complete.
2025-04-01 02:07:45,922 - kafka.conn - INFO - <BrokerConnection client_id=kafka-python-2.1.4, node_id=bootstrap-0 host=localhost:9092 <connected> [IPv6 ('::1', 9092, 0, 0)]>: Closing connection. 
2025-04-01 02:07:46,037 - kafka.cluster - INFO - Group coordinator for fraud-detection-group is BrokerMetadata(nodeId='coordinator-0', host='Aditya', port=9092, rack=None)
2025-04-01 02:07:46,037 - kafka.coordinator - INFO - Discovered coordinator coordinator-0 for group fraud-detection-group
2025-04-01 02:07:46,037 - kafka.coordinator - INFO - Starting new heartbeat thread
2025-04-01 02:07:46,062 - kafka.coordinator.consumer - INFO - Revoking previously assigned partitions set() for group fraud-detection-group
2025-04-01 02:07:46,071 - kafka.conn - INFO - <BrokerConnection client_id=kafka-python-2.1.4, node_id=coordinator-0 host=Aditya:9092 <connecting> [IPv6 ('fe80::4a48:b76e:4dc5:86a1', 9092, 0, 3)]>: connecting to Aditya:9092 [('fe80::4a48:b76e:4dc5:86a1', 9092, 0, 3) IPv6]
2025-04-01 02:07:46,086 - kafka.conn - INFO - <BrokerConnection client_id=kafka-python-2.1.4, node_id=coordinator-0 host=Aditya:9092 <connected> [IPv6 ('fe80::4a48:b76e:4dc5:86a1', 9092, 0, 3)]>: Connection complete.
2025-04-01 02:07:46,201 - kafka.coordinator - INFO - (Re-)joining group fraud-detection-group
2025-04-01 02:07:46,210 - kafka.coordinator - INFO - Elected group leader -- performing partition assignments using range
2025-04-01 02:07:46,226 - kafka.coordinator - INFO - Successfully joined group fraud-detection-group with generation 1
2025-04-01 02:07:46,230 - kafka.consumer.subscription_state - INFO - Updated partition assignment: [TopicPartition(topic='transactions', partition=0)]
2025-04-01 02:07:46,243 - kafka.coordinator.consumer - INFO - Setting newly assigned partitions {TopicPartition(topic='transactions', partition=0)} for group fraud-detection-group
2025-04-01 02:07:47,770 - werkzeug - INFO - [31m[1mWARNING: This is a development server. Do not use it in a production deployment. Use a production WSGI server instead.[0m
 * Running on all addresses (0.0.0.0)
 * Running on http://127.0.0.1:5000
 * Running on http://192.168.0.107:5000
2025-04-01 02:07:47,770 - werkzeug - INFO - [33mPress CTRL+C to quit[0m
2025-04-01 02:07:48,599 - FraudDetectionSystem - INFO - Simulating 50 transactions
2025-04-01 02:07:48,603 - kafka.conn - INFO - <BrokerConnection client_id=kafka-python-producer-1, node_id=bootstrap-0 host=localhost:9092 <connecting> [IPv6 ('::1', 9092, 0, 0)]>: connecting to localhost:9092 [('::1', 9092, 0, 0) IPv6]
2025-04-01 02:07:48,607 - kafka.conn - INFO - <BrokerConnection client_id=kafka-python-producer-1, node_id=bootstrap-0 host=localhost:9092 <checking_api_versions_recv> [IPv6 ('::1', 9092, 0, 0)]>: Broker version identified as 2.6
2025-04-01 02:07:48,607 - kafka.conn - INFO - <BrokerConnection client_id=kafka-python-producer-1, node_id=bootstrap-0 host=localhost:9092 <connected> [IPv6 ('::1', 9092, 0, 0)]>: Connection complete.
2025-04-01 02:07:48,723 - kafka.conn - INFO - <BrokerConnection client_id=kafka-python-producer-1, node_id=0 host=Aditya:9092 <connecting> [IPv6 ('fe80::4a48:b76e:4dc5:86a1', 9092, 0, 3)]>: connecting to Aditya:9092 [('fe80::4a48:b76e:4dc5:86a1', 9092, 0, 3) IPv6]
2025-04-01 02:07:48,723 - kafka.conn - INFO - <BrokerConnection client_id=kafka-python-producer-1, node_id=0 host=Aditya:9092 <connected> [IPv6 ('fe80::4a48:b76e:4dc5:86a1', 9092, 0, 3)]>: Connection complete.
2025-04-01 02:07:48,723 - kafka.conn - INFO - <BrokerConnection client_id=kafka-python-producer-1, node_id=bootstrap-0 host=localhost:9092 <connected> [IPv6 ('::1', 9092, 0, 0)]>: Closing connection. 
2025-04-01 02:07:49,236 - FraudDetectionSystem - ERROR - Error in consumer thread: The feature names should match those that were passed during fit.
Feature names unseen at fit time:
- amount
- country_AU
- country_BR
- country_CA
- country_CN
- ...
Feature names seen at fit time, yet now missing:
- feature_0
- feature_1
- feature_2
- feature_3
- feature_4
- ...

2025-04-01 02:07:49,243 - FraudDetectionSystem - INFO - Consumer thread stopped
2025-04-01 02:08:14,122 - FraudDetectionSystem - INFO - Transaction simulation completed
2025-04-01 02:08:14,122 - kafka.conn - INFO - <BrokerConnection client_id=kafka-python-producer-1, node_id=0 host=Aditya:9092 <connected> [IPv6 ('fe80::4a48:b76e:4dc5:86a1', 9092, 0, 3)]>: Closing connection. 
2025-04-01 02:10:16,110 - FraudDetectionSystem - INFO - Fraud Detection System initialized
2025-04-01 02:10:16,118 - FraudDetectionSystem - INFO - Starting streaming process
2025-04-01 02:10:16,118 - FraudDetectionSystem - INFO - Starting Flask API
2025-04-01 02:10:16,126 - FraudDetectionSystem - INFO - Starting Dashboard
2025-04-01 02:10:16,126 - FraudDetectionSystem - INFO - Streaming process started
2025-04-01 02:10:16,146 - kafka.conn - INFO - <BrokerConnection client_id=kafka-python-2.1.4, node_id=bootstrap-0 host=localhost:9092 <connecting> [IPv6 ('::1', 9092, 0, 0)]>: connecting to localhost:9092 [('::1', 9092, 0, 0) IPv6]
2025-04-01 02:10:16,152 - kafka.conn - INFO - <BrokerConnection client_id=kafka-python-2.1.4, node_id=bootstrap-0 host=localhost:9092 <checking_api_versions_recv> [IPv6 ('::1', 9092, 0, 0)]>: Broker version identified as 2.6
2025-04-01 02:10:16,152 - kafka.conn - INFO - <BrokerConnection client_id=kafka-python-2.1.4, node_id=bootstrap-0 host=localhost:9092 <connected> [IPv6 ('::1', 9092, 0, 0)]>: Connection complete.
2025-04-01 02:10:16,159 - kafka.consumer.subscription_state - INFO - Updating subscribed topics to: ('transactions',)
2025-04-01 02:10:17,835 - FraudDetectionSystem - INFO - Consumer started. Processing transactions...
2025-04-01 02:10:17,836 - kafka.conn - INFO - <BrokerConnection client_id=kafka-python-2.1.4, node_id=0 host=Aditya:9092 <connecting> [IPv6 ('fe80::4a48:b76e:4dc5:86a1', 9092, 0, 3)]>: connecting to Aditya:9092 [('fe80::4a48:b76e:4dc5:86a1', 9092, 0, 3) IPv6]
2025-04-01 02:10:17,844 - kafka.conn - INFO - <BrokerConnection client_id=kafka-python-2.1.4, node_id=0 host=Aditya:9092 <connected> [IPv6 ('fe80::4a48:b76e:4dc5:86a1', 9092, 0, 3)]>: Connection complete.
2025-04-01 02:10:17,844 - kafka.conn - INFO - <BrokerConnection client_id=kafka-python-2.1.4, node_id=bootstrap-0 host=localhost:9092 <connected> [IPv6 ('::1', 9092, 0, 0)]>: Closing connection. 
2025-04-01 02:10:17,952 - kafka.cluster - INFO - Group coordinator for fraud-detection-group is BrokerMetadata(nodeId='coordinator-0', host='Aditya', port=9092, rack=None)
2025-04-01 02:10:17,952 - kafka.coordinator - INFO - Discovered coordinator coordinator-0 for group fraud-detection-group
2025-04-01 02:10:17,952 - kafka.coordinator - INFO - Starting new heartbeat thread
2025-04-01 02:10:17,952 - kafka.coordinator.consumer - INFO - Revoking previously assigned partitions set() for group fraud-detection-group
2025-04-01 02:10:17,960 - kafka.conn - INFO - <BrokerConnection client_id=kafka-python-2.1.4, node_id=coordinator-0 host=Aditya:9092 <connecting> [IPv6 ('fe80::4a48:b76e:4dc5:86a1', 9092, 0, 3)]>: connecting to Aditya:9092 [('fe80::4a48:b76e:4dc5:86a1', 9092, 0, 3) IPv6]
2025-04-01 02:10:17,960 - kafka.conn - INFO - <BrokerConnection client_id=kafka-python-2.1.4, node_id=coordinator-0 host=Aditya:9092 <connected> [IPv6 ('fe80::4a48:b76e:4dc5:86a1', 9092, 0, 3)]>: Connection complete.
2025-04-01 02:10:18,065 - kafka.coordinator - INFO - (Re-)joining group fraud-detection-group
2025-04-01 02:10:18,074 - kafka.coordinator - INFO - Elected group leader -- performing partition assignments using range
2025-04-01 02:10:18,083 - kafka.coordinator - INFO - Successfully joined group fraud-detection-group with generation 3
2025-04-01 02:10:18,083 - kafka.consumer.subscription_state - INFO - Updated partition assignment: [TopicPartition(topic='transactions', partition=0)]
2025-04-01 02:10:18,086 - kafka.coordinator.consumer - INFO - Setting newly assigned partitions {TopicPartition(topic='transactions', partition=0)} for group fraud-detection-group
2025-04-01 02:10:19,464 - werkzeug - INFO - [31m[1mWARNING: This is a development server. Do not use it in a production deployment. Use a production WSGI server instead.[0m
 * Running on all addresses (0.0.0.0)
 * Running on http://127.0.0.1:5000
 * Running on http://192.168.0.107:5000
2025-04-01 02:10:19,464 - werkzeug - INFO - [33mPress CTRL+C to quit[0m
2025-04-01 02:10:21,132 - FraudDetectionSystem - INFO - Simulating 50 transactions
2025-04-01 02:10:21,134 - kafka.conn - INFO - <BrokerConnection client_id=kafka-python-producer-1, node_id=bootstrap-0 host=localhost:9092 <connecting> [IPv6 ('::1', 9092, 0, 0)]>: connecting to localhost:9092 [('::1', 9092, 0, 0) IPv6]
2025-04-01 02:10:21,141 - kafka.conn - INFO - <BrokerConnection client_id=kafka-python-producer-1, node_id=bootstrap-0 host=localhost:9092 <checking_api_versions_recv> [IPv6 ('::1', 9092, 0, 0)]>: Broker version identified as 2.6
2025-04-01 02:10:21,141 - kafka.conn - INFO - <BrokerConnection client_id=kafka-python-producer-1, node_id=bootstrap-0 host=localhost:9092 <connected> [IPv6 ('::1', 9092, 0, 0)]>: Connection complete.
2025-04-01 02:10:21,259 - kafka.conn - INFO - <BrokerConnection client_id=kafka-python-producer-1, node_id=0 host=Aditya:9092 <connecting> [IPv6 ('fe80::4a48:b76e:4dc5:86a1', 9092, 0, 3)]>: connecting to Aditya:9092 [('fe80::4a48:b76e:4dc5:86a1', 9092, 0, 3) IPv6]
2025-04-01 02:10:21,259 - kafka.conn - INFO - <BrokerConnection client_id=kafka-python-producer-1, node_id=0 host=Aditya:9092 <connected> [IPv6 ('fe80::4a48:b76e:4dc5:86a1', 9092, 0, 3)]>: Connection complete.
2025-04-01 02:10:21,259 - kafka.conn - INFO - <BrokerConnection client_id=kafka-python-producer-1, node_id=bootstrap-0 host=localhost:9092 <connected> [IPv6 ('::1', 9092, 0, 0)]>: Closing connection. 
2025-04-01 02:10:21,276 - FraudDetectionSystem - ERROR - Error in consumer thread: The feature names should match those that were passed during fit.
Feature names unseen at fit time:
- amount
- country_AU
- country_BR
- country_CA
- country_CN
- ...
Feature names seen at fit time, yet now missing:
- feature_0
- feature_1
- feature_2
- feature_3
- feature_4
- ...

2025-04-01 02:10:21,276 - FraudDetectionSystem - INFO - Consumer thread stopped
2025-04-01 02:10:46,747 - FraudDetectionSystem - INFO - Transaction simulation completed
2025-04-01 02:10:46,747 - kafka.conn - INFO - <BrokerConnection client_id=kafka-python-producer-1, node_id=0 host=Aditya:9092 <connected> [IPv6 ('fe80::4a48:b76e:4dc5:86a1', 9092, 0, 3)]>: Closing connection. 
2025-04-01 02:11:51,810 - FraudDetectionSystem - INFO - Fraud Detection System initialized
2025-04-01 02:11:51,810 - FraudDetectionSystem - INFO - Starting streaming process
2025-04-01 02:11:51,810 - FraudDetectionSystem - INFO - Starting Flask API
2025-04-01 02:11:51,818 - FraudDetectionSystem - INFO - Starting Dashboard
2025-04-01 02:11:51,819 - FraudDetectionSystem - INFO - Streaming process started
2025-04-01 02:11:51,836 - kafka.conn - INFO - <BrokerConnection client_id=kafka-python-2.1.4, node_id=bootstrap-0 host=localhost:9092 <connecting> [IPv6 ('::1', 9092, 0, 0)]>: connecting to localhost:9092 [('::1', 9092, 0, 0) IPv6]
2025-04-01 02:11:51,843 - kafka.conn - INFO - <BrokerConnection client_id=kafka-python-2.1.4, node_id=bootstrap-0 host=localhost:9092 <checking_api_versions_recv> [IPv6 ('::1', 9092, 0, 0)]>: Broker version identified as 2.6
2025-04-01 02:11:51,852 - kafka.conn - INFO - <BrokerConnection client_id=kafka-python-2.1.4, node_id=bootstrap-0 host=localhost:9092 <connected> [IPv6 ('::1', 9092, 0, 0)]>: Connection complete.
2025-04-01 02:11:51,856 - kafka.consumer.subscription_state - INFO - Updating subscribed topics to: ('transactions',)
2025-04-01 02:11:53,314 - FraudDetectionSystem - INFO - Consumer started. Processing transactions...
2025-04-01 02:11:53,324 - kafka.conn - INFO - <BrokerConnection client_id=kafka-python-2.1.4, node_id=0 host=Aditya:9092 <connecting> [IPv6 ('fe80::4a48:b76e:4dc5:86a1', 9092, 0, 3)]>: connecting to Aditya:9092 [('fe80::4a48:b76e:4dc5:86a1', 9092, 0, 3) IPv6]
2025-04-01 02:11:53,324 - kafka.conn - INFO - <BrokerConnection client_id=kafka-python-2.1.4, node_id=0 host=Aditya:9092 <connected> [IPv6 ('fe80::4a48:b76e:4dc5:86a1', 9092, 0, 3)]>: Connection complete.
2025-04-01 02:11:53,324 - kafka.conn - INFO - <BrokerConnection client_id=kafka-python-2.1.4, node_id=bootstrap-0 host=localhost:9092 <connected> [IPv6 ('::1', 9092, 0, 0)]>: Closing connection. 
2025-04-01 02:11:53,429 - kafka.cluster - INFO - Group coordinator for fraud-detection-group is BrokerMetadata(nodeId='coordinator-0', host='Aditya', port=9092, rack=None)
2025-04-01 02:11:53,438 - kafka.coordinator - INFO - Discovered coordinator coordinator-0 for group fraud-detection-group
2025-04-01 02:11:53,439 - kafka.coordinator - INFO - Starting new heartbeat thread
2025-04-01 02:11:53,441 - kafka.coordinator.consumer - INFO - Revoking previously assigned partitions set() for group fraud-detection-group
2025-04-01 02:11:53,441 - kafka.conn - INFO - <BrokerConnection client_id=kafka-python-2.1.4, node_id=coordinator-0 host=Aditya:9092 <connecting> [IPv6 ('fe80::4a48:b76e:4dc5:86a1', 9092, 0, 3)]>: connecting to Aditya:9092 [('fe80::4a48:b76e:4dc5:86a1', 9092, 0, 3) IPv6]
2025-04-01 02:11:53,446 - kafka.conn - INFO - <BrokerConnection client_id=kafka-python-2.1.4, node_id=coordinator-0 host=Aditya:9092 <connected> [IPv6 ('fe80::4a48:b76e:4dc5:86a1', 9092, 0, 3)]>: Connection complete.
2025-04-01 02:11:53,554 - kafka.coordinator - INFO - (Re-)joining group fraud-detection-group
2025-04-01 02:11:53,563 - kafka.coordinator - INFO - Elected group leader -- performing partition assignments using range
2025-04-01 02:11:53,571 - kafka.coordinator - INFO - Successfully joined group fraud-detection-group with generation 5
2025-04-01 02:11:53,571 - kafka.consumer.subscription_state - INFO - Updated partition assignment: [TopicPartition(topic='transactions', partition=0)]
2025-04-01 02:11:53,578 - kafka.coordinator.consumer - INFO - Setting newly assigned partitions {TopicPartition(topic='transactions', partition=0)} for group fraud-detection-group
2025-04-01 02:11:54,199 - werkzeug - INFO - [31m[1mWARNING: This is a development server. Do not use it in a production deployment. Use a production WSGI server instead.[0m
 * Running on all addresses (0.0.0.0)
 * Running on http://127.0.0.1:5001
 * Running on http://192.168.0.107:5001
2025-04-01 02:11:54,206 - werkzeug - INFO - [33mPress CTRL+C to quit[0m
2025-04-01 02:11:54,924 - werkzeug - INFO - [31m[1mWARNING: This is a development server. Do not use it in a production deployment. Use a production WSGI server instead.[0m
 * Running on all addresses (0.0.0.0)
 * Running on http://127.0.0.1:5000
 * Running on http://192.168.0.107:5000
2025-04-01 02:11:54,924 - werkzeug - INFO - [33mPress CTRL+C to quit[0m
2025-04-01 02:11:56,820 - FraudDetectionSystem - INFO - Simulating 50 transactions
2025-04-01 02:11:56,822 - kafka.conn - INFO - <BrokerConnection client_id=kafka-python-producer-1, node_id=bootstrap-0 host=localhost:9092 <connecting> [IPv6 ('::1', 9092, 0, 0)]>: connecting to localhost:9092 [('::1', 9092, 0, 0) IPv6]
2025-04-01 02:11:56,830 - kafka.conn - INFO - <BrokerConnection client_id=kafka-python-producer-1, node_id=bootstrap-0 host=localhost:9092 <checking_api_versions_recv> [IPv6 ('::1', 9092, 0, 0)]>: Broker version identified as 2.6
2025-04-01 02:11:56,830 - kafka.conn - INFO - <BrokerConnection client_id=kafka-python-producer-1, node_id=bootstrap-0 host=localhost:9092 <connected> [IPv6 ('::1', 9092, 0, 0)]>: Connection complete.
2025-04-01 02:11:56,957 - kafka.conn - INFO - <BrokerConnection client_id=kafka-python-producer-1, node_id=0 host=Aditya:9092 <connecting> [IPv6 ('fe80::4a48:b76e:4dc5:86a1', 9092, 0, 3)]>: connecting to Aditya:9092 [('fe80::4a48:b76e:4dc5:86a1', 9092, 0, 3) IPv6]
2025-04-01 02:11:56,957 - kafka.conn - INFO - <BrokerConnection client_id=kafka-python-producer-1, node_id=0 host=Aditya:9092 <connected> [IPv6 ('fe80::4a48:b76e:4dc5:86a1', 9092, 0, 3)]>: Connection complete.
2025-04-01 02:11:56,957 - kafka.conn - INFO - <BrokerConnection client_id=kafka-python-producer-1, node_id=bootstrap-0 host=localhost:9092 <connected> [IPv6 ('::1', 9092, 0, 0)]>: Closing connection. 
2025-04-01 02:11:56,973 - FraudDetectionSystem - ERROR - Error in consumer thread: The feature names should match those that were passed during fit.
Feature names unseen at fit time:
- amount
- country_AU
- country_BR
- country_CA
- country_CN
- ...
Feature names seen at fit time, yet now missing:
- feature_0
- feature_1
- feature_2
- feature_3
- feature_4
- ...

2025-04-01 02:11:56,973 - FraudDetectionSystem - INFO - Consumer thread stopped
2025-04-01 02:12:22,437 - FraudDetectionSystem - INFO - Transaction simulation completed
2025-04-01 02:12:22,438 - kafka.conn - INFO - <BrokerConnection client_id=kafka-python-producer-1, node_id=0 host=Aditya:9092 <connected> [IPv6 ('fe80::4a48:b76e:4dc5:86a1', 9092, 0, 3)]>: Closing connection. 
2025-04-01 02:12:27,292 - werkzeug - INFO - 127.0.0.1 - - [01/Apr/2025 02:12:27] "GET / HTTP/1.1" 200 -
2025-04-01 02:12:29,106 - werkzeug - INFO - 127.0.0.1 - - [01/Apr/2025 02:12:29] "[32mGET / HTTP/1.1[0m" 302 -
2025-04-01 02:12:29,406 - werkzeug - INFO - 127.0.0.1 - - [01/Apr/2025 02:12:29] "GET /login?next=http://localhost:5001/ HTTP/1.1" 200 -
2025-04-01 02:12:29,902 - werkzeug - INFO - 127.0.0.1 - - [01/Apr/2025 02:12:29] "[33mGET /favicon.ico HTTP/1.1[0m" 404 -
2025-04-01 02:13:27,512 - werkzeug - INFO - 127.0.0.1 - - [01/Apr/2025 02:13:27] "POST /login HTTP/1.1" 200 -
2025-04-01 02:16:56,994 - kafka.coordinator - WARNING - Heartbeat poll expired, leaving group
2025-04-01 02:16:56,996 - kafka.coordinator - INFO - Leaving consumer group (fraud-detection-group).
2025-04-01 02:16:57,019 - kafka.coordinator - ERROR - Heartbeat thread for group fraud-detection-group failed due to unexpected error: cannot release un-acquired lock
2025-04-01 02:17:02,115 - werkzeug - INFO - 127.0.0.1 - - [01/Apr/2025 02:17:02] "GET /signup HTTP/1.1" 200 -
2025-04-01 02:17:21,209 - werkzeug - INFO - 127.0.0.1 - - [01/Apr/2025 02:17:21] "[32mPOST /signup HTTP/1.1[0m" 302 -
2025-04-01 02:17:21,524 - werkzeug - INFO - 127.0.0.1 - - [01/Apr/2025 02:17:21] "GET /login HTTP/1.1" 200 -
2025-04-01 02:17:43,530 - werkzeug - INFO - 127.0.0.1 - - [01/Apr/2025 02:17:43] "[32mPOST /login HTTP/1.1[0m" 302 -
2025-04-01 02:17:43,915 - werkzeug - INFO - 127.0.0.1 - - [01/Apr/2025 02:17:43] "GET / HTTP/1.1" 200 -
2025-04-01 02:17:44,313 - werkzeug - INFO - 127.0.0.1 - - [01/Apr/2025 02:17:44] "GET /api/summary?days=30 HTTP/1.1" 200 -
2025-04-01 02:17:44,625 - werkzeug - INFO - 127.0.0.1 - - [01/Apr/2025 02:17:44] "GET /api/performance?days=30 HTTP/1.1" 200 -
2025-04-01 02:17:44,629 - werkzeug - INFO - 127.0.0.1 - - [01/Apr/2025 02:17:44] "GET /api/transactions?limit=10&fraud_only=false HTTP/1.1" 200 -
2025-04-01 02:17:50,050 - werkzeug - INFO - 127.0.0.1 - - [01/Apr/2025 02:17:50] "[32mGET /logout HTTP/1.1[0m" 302 -
2025-04-01 02:17:50,314 - werkzeug - INFO - 127.0.0.1 - - [01/Apr/2025 02:17:50] "GET /login HTTP/1.1" 200 -
2025-04-01 02:17:57,890 - werkzeug - INFO - 127.0.0.1 - - [01/Apr/2025 02:17:57] "[32mPOST /login HTTP/1.1[0m" 302 -
2025-04-01 02:17:58,201 - werkzeug - INFO - 127.0.0.1 - - [01/Apr/2025 02:17:58] "GET / HTTP/1.1" 200 -
2025-04-01 02:17:58,599 - werkzeug - INFO - 127.0.0.1 - - [01/Apr/2025 02:17:58] "GET /api/summary?days=30 HTTP/1.1" 200 -
2025-04-01 02:17:58,905 - werkzeug - INFO - 127.0.0.1 - - [01/Apr/2025 02:17:58] "GET /api/performance?days=30 HTTP/1.1" 200 -
2025-04-01 02:17:58,905 - werkzeug - INFO - 127.0.0.1 - - [01/Apr/2025 02:17:58] "GET /api/transactions?limit=10&fraud_only=false HTTP/1.1" 200 -
2025-04-01 02:18:05,912 - werkzeug - INFO - 127.0.0.1 - - [01/Apr/2025 02:18:05] "GET /api/performance?days=7 HTTP/1.1" 200 -
2025-04-01 02:18:05,912 - werkzeug - INFO - 127.0.0.1 - - [01/Apr/2025 02:18:05] "GET /api/summary?days=7 HTTP/1.1" 200 -
2025-04-01 02:18:05,920 - werkzeug - INFO - 127.0.0.1 - - [01/Apr/2025 02:18:05] "GET /api/transactions?limit=10&fraud_only=false HTTP/1.1" 200 -
2025-04-01 02:18:08,047 - werkzeug - INFO - 127.0.0.1 - - [01/Apr/2025 02:18:08] "GET /api/summary?days=90 HTTP/1.1" 200 -
2025-04-01 02:18:08,363 - werkzeug - INFO - 127.0.0.1 - - [01/Apr/2025 02:18:08] "GET /api/performance?days=90 HTTP/1.1" 200 -
2025-04-01 02:18:08,363 - werkzeug - INFO - 127.0.0.1 - - [01/Apr/2025 02:18:08] "GET /api/transactions?limit=10&fraud_only=false HTTP/1.1" 200 -
2025-04-01 02:18:13,212 - werkzeug - INFO - 127.0.0.1 - - [01/Apr/2025 02:18:13] "GET / HTTP/1.1" 200 -
2025-04-01 02:18:13,466 - werkzeug - INFO - 127.0.0.1 - - [01/Apr/2025 02:18:13] "GET /api/summary?days=30 HTTP/1.1" 200 -
2025-04-01 02:18:13,742 - werkzeug - INFO - 127.0.0.1 - - [01/Apr/2025 02:18:13] "GET /api/performance?days=30 HTTP/1.1" 200 -
2025-04-01 02:18:13,751 - werkzeug - INFO - 127.0.0.1 - - [01/Apr/2025 02:18:13] "GET /api/transactions?limit=10&fraud_only=false HTTP/1.1" 200 -
2025-04-01 02:18:43,727 - werkzeug - INFO - 127.0.0.1 - - [01/Apr/2025 02:18:43] "GET /api/summary?days=30 HTTP/1.1" 200 -
2025-04-01 02:18:44,027 - werkzeug - INFO - 127.0.0.1 - - [01/Apr/2025 02:18:44] "GET /api/performance?days=30 HTTP/1.1" 200 -
2025-04-01 02:18:44,036 - werkzeug - INFO - 127.0.0.1 - - [01/Apr/2025 02:18:44] "GET /api/transactions?limit=10&fraud_only=false HTTP/1.1" 200 -
2025-04-02 23:09:09,180 - FraudDetectionSystem - INFO - Fraud Detection System initialized
2025-04-02 23:09:09,188 - FraudDetectionSystem - INFO - Starting streaming process
2025-04-02 23:09:09,188 - FraudDetectionSystem - INFO - Starting Flask API
2025-04-02 23:09:09,190 - FraudDetectionSystem - INFO - Starting Dashboard
2025-04-02 23:09:09,191 - FraudDetectionSystem - INFO - Streaming process started
2025-04-02 23:09:09,213 - kafka.conn - INFO - <BrokerConnection client_id=kafka-python-2.1.4, node_id=bootstrap-0 host=localhost:9092 <connecting> [IPv6 ('::1', 9092, 0, 0)]>: connecting to localhost:9092 [('::1', 9092, 0, 0) IPv6]
2025-04-02 23:09:09,231 - kafka.conn - INFO - <BrokerConnection client_id=kafka-python-2.1.4, node_id=bootstrap-0 host=localhost:9092 <checking_api_versions_recv> [IPv6 ('::1', 9092, 0, 0)]>: Broker version identified as 2.6
2025-04-02 23:09:09,233 - kafka.conn - INFO - <BrokerConnection client_id=kafka-python-2.1.4, node_id=bootstrap-0 host=localhost:9092 <connected> [IPv6 ('::1', 9092, 0, 0)]>: Connection complete.
2025-04-02 23:09:09,236 - kafka.consumer.subscription_state - INFO - Updating subscribed topics to: ('transactions',)
2025-04-02 23:09:11,094 - FraudDetectionSystem - INFO - Consumer started. Processing transactions...
2025-04-02 23:09:11,127 - kafka.conn - INFO - <BrokerConnection client_id=kafka-python-2.1.4, node_id=0 host=Aditya:9092 <connecting> [IPv6 ('fe80::4a48:b76e:4dc5:86a1', 9092, 0, 3)]>: connecting to Aditya:9092 [('fe80::4a48:b76e:4dc5:86a1', 9092, 0, 3) IPv6]
2025-04-02 23:09:11,129 - kafka.conn - INFO - <BrokerConnection client_id=kafka-python-2.1.4, node_id=0 host=Aditya:9092 <connected> [IPv6 ('fe80::4a48:b76e:4dc5:86a1', 9092, 0, 3)]>: Connection complete.
2025-04-02 23:09:11,129 - kafka.conn - INFO - <BrokerConnection client_id=kafka-python-2.1.4, node_id=bootstrap-0 host=localhost:9092 <connected> [IPv6 ('::1', 9092, 0, 0)]>: Closing connection. 
2025-04-02 23:09:11,244 - kafka.cluster - INFO - Group coordinator for fraud-detection-group is BrokerMetadata(nodeId='coordinator-0', host='Aditya', port=9092, rack=None)
2025-04-02 23:09:11,245 - kafka.coordinator - INFO - Discovered coordinator coordinator-0 for group fraud-detection-group
2025-04-02 23:09:11,245 - kafka.coordinator - INFO - Starting new heartbeat thread
2025-04-02 23:09:11,248 - kafka.coordinator.consumer - INFO - Revoking previously assigned partitions set() for group fraud-detection-group
2025-04-02 23:09:11,250 - kafka.conn - INFO - <BrokerConnection client_id=kafka-python-2.1.4, node_id=coordinator-0 host=Aditya:9092 <connecting> [IPv6 ('fe80::4a48:b76e:4dc5:86a1', 9092, 0, 3)]>: connecting to Aditya:9092 [('fe80::4a48:b76e:4dc5:86a1', 9092, 0, 3) IPv6]
2025-04-02 23:09:11,251 - kafka.conn - INFO - <BrokerConnection client_id=kafka-python-2.1.4, node_id=coordinator-0 host=Aditya:9092 <connected> [IPv6 ('fe80::4a48:b76e:4dc5:86a1', 9092, 0, 3)]>: Connection complete.
2025-04-02 23:09:11,359 - kafka.coordinator - INFO - (Re-)joining group fraud-detection-group
2025-04-02 23:09:11,411 - kafka.coordinator - INFO - Elected group leader -- performing partition assignments using range
2025-04-02 23:09:11,487 - kafka.coordinator - INFO - Successfully joined group fraud-detection-group with generation 1
2025-04-02 23:09:11,488 - kafka.consumer.subscription_state - INFO - Updated partition assignment: [TopicPartition(topic='transactions', partition=0)]
2025-04-02 23:09:11,489 - kafka.coordinator.consumer - INFO - Setting newly assigned partitions {TopicPartition(topic='transactions', partition=0)} for group fraud-detection-group
2025-04-02 23:09:11,840 - werkzeug - INFO - [31m[1mWARNING: This is a development server. Do not use it in a production deployment. Use a production WSGI server instead.[0m
 * Running on all addresses (0.0.0.0)
 * Running on http://127.0.0.1:5001
 * Running on http://192.168.0.107:5001
2025-04-02 23:09:11,841 - werkzeug - INFO - [33mPress CTRL+C to quit[0m
2025-04-02 23:09:12,667 - werkzeug - INFO - [31m[1mWARNING: This is a development server. Do not use it in a production deployment. Use a production WSGI server instead.[0m
 * Running on all addresses (0.0.0.0)
 * Running on http://127.0.0.1:5000
 * Running on http://192.168.0.107:5000
2025-04-02 23:09:12,668 - werkzeug - INFO - [33mPress CTRL+C to quit[0m
2025-04-02 23:09:14,191 - FraudDetectionSystem - INFO - Simulating 50 transactions
2025-04-02 23:09:14,197 - kafka.conn - INFO - <BrokerConnection client_id=kafka-python-producer-1, node_id=bootstrap-0 host=localhost:9092 <connecting> [IPv6 ('::1', 9092, 0, 0)]>: connecting to localhost:9092 [('::1', 9092, 0, 0) IPv6]
2025-04-02 23:09:14,203 - kafka.conn - INFO - <BrokerConnection client_id=kafka-python-producer-1, node_id=bootstrap-0 host=localhost:9092 <checking_api_versions_recv> [IPv6 ('::1', 9092, 0, 0)]>: Broker version identified as 2.6
2025-04-02 23:09:14,204 - kafka.conn - INFO - <BrokerConnection client_id=kafka-python-producer-1, node_id=bootstrap-0 host=localhost:9092 <connected> [IPv6 ('::1', 9092, 0, 0)]>: Connection complete.
2025-04-02 23:09:14,333 - kafka.conn - INFO - <BrokerConnection client_id=kafka-python-producer-1, node_id=0 host=Aditya:9092 <connecting> [IPv6 ('fe80::4a48:b76e:4dc5:86a1', 9092, 0, 3)]>: connecting to Aditya:9092 [('fe80::4a48:b76e:4dc5:86a1', 9092, 0, 3) IPv6]
2025-04-02 23:09:14,336 - kafka.conn - INFO - <BrokerConnection client_id=kafka-python-producer-1, node_id=0 host=Aditya:9092 <connected> [IPv6 ('fe80::4a48:b76e:4dc5:86a1', 9092, 0, 3)]>: Connection complete.
2025-04-02 23:09:14,338 - kafka.conn - INFO - <BrokerConnection client_id=kafka-python-producer-1, node_id=bootstrap-0 host=localhost:9092 <connected> [IPv6 ('::1', 9092, 0, 0)]>: Closing connection. 
2025-04-02 23:09:14,390 - FraudDetectionSystem - ERROR - Error in consumer thread: The feature names should match those that were passed during fit.
Feature names unseen at fit time:
- amount
- country_AU
- country_BR
- country_CA
- country_CN
- ...
Feature names seen at fit time, yet now missing:
- feature_0
- feature_1
- feature_2
- feature_3
- feature_4
- ...

2025-04-02 23:09:14,391 - FraudDetectionSystem - INFO - Consumer thread stopped
2025-04-02 23:09:39,958 - FraudDetectionSystem - INFO - Transaction simulation completed
2025-04-02 23:09:39,960 - kafka.conn - INFO - <BrokerConnection client_id=kafka-python-producer-1, node_id=0 host=Aditya:9092 <connected> [IPv6 ('fe80::4a48:b76e:4dc5:86a1', 9092, 0, 3)]>: Closing connection. 
2025-04-02 23:09:57,904 - werkzeug - INFO - 127.0.0.1 - - [02/Apr/2025 23:09:57] "GET / HTTP/1.1" 200 -
2025-04-02 23:09:58,548 - werkzeug - INFO - 127.0.0.1 - - [02/Apr/2025 23:09:58] "[33mGET /favicon.ico HTTP/1.1[0m" 404 -
2025-04-02 23:10:03,197 - werkzeug - INFO - 127.0.0.1 - - [02/Apr/2025 23:10:03] "[32mGET / HTTP/1.1[0m" 302 -
2025-04-02 23:10:03,246 - werkzeug - INFO - 127.0.0.1 - - [02/Apr/2025 23:10:03] "GET /login?next=http://127.0.0.1:5001/ HTTP/1.1" 200 -
2025-04-02 23:10:03,845 - werkzeug - INFO - 127.0.0.1 - - [02/Apr/2025 23:10:03] "[33mGET /favicon.ico HTTP/1.1[0m" 404 -
2025-04-02 23:10:19,595 - werkzeug - INFO - 127.0.0.1 - - [02/Apr/2025 23:10:19] "[32mPOST /login HTTP/1.1[0m" 302 -
2025-04-02 23:10:19,689 - werkzeug - INFO - 127.0.0.1 - - [02/Apr/2025 23:10:19] "GET / HTTP/1.1" 200 -
2025-04-02 23:10:20,299 - werkzeug - INFO - 127.0.0.1 - - [02/Apr/2025 23:10:20] "GET /api/performance?days=30 HTTP/1.1" 200 -
2025-04-02 23:10:20,303 - werkzeug - INFO - 127.0.0.1 - - [02/Apr/2025 23:10:20] "GET /api/summary?days=30 HTTP/1.1" 200 -
2025-04-02 23:10:31,192 - werkzeug - INFO - 127.0.0.1 - - [02/Apr/2025 23:10:31] "GET /api/summary?days=30 HTTP/1.1" 200 -
2025-04-02 23:10:31,193 - werkzeug - INFO - 127.0.0.1 - - [02/Apr/2025 23:10:31] "GET /api/performance?days=30 HTTP/1.1" 200 -
2025-04-02 23:10:33,693 - werkzeug - INFO - 127.0.0.1 - - [02/Apr/2025 23:10:33] "GET /api/summary?days=30 HTTP/1.1" 200 -
2025-04-02 23:10:33,698 - werkzeug - INFO - 127.0.0.1 - - [02/Apr/2025 23:10:33] "GET /api/performance?days=30 HTTP/1.1" 200 -
2025-04-02 23:10:36,500 - werkzeug - INFO - 127.0.0.1 - - [02/Apr/2025 23:10:36] "GET /api/summary?days=7 HTTP/1.1" 200 -
2025-04-02 23:10:36,500 - werkzeug - INFO - 127.0.0.1 - - [02/Apr/2025 23:10:36] "GET /api/performance?days=7 HTTP/1.1" 200 -
2025-04-02 23:11:58,020 - werkzeug - INFO - 127.0.0.1 - - [02/Apr/2025 23:11:58] "GET /api/summary?days=7 HTTP/1.1" 200 -
2025-04-02 23:11:58,020 - werkzeug - INFO - 127.0.0.1 - - [02/Apr/2025 23:11:58] "GET /api/performance?days=7 HTTP/1.1" 200 -
2025-04-02 23:13:17,229 - werkzeug - INFO - 127.0.0.1 - - [02/Apr/2025 23:13:17] "GET /api/detect HTTP/1.1" 200 -
2025-04-02 23:14:14,409 - kafka.coordinator - WARNING - Heartbeat poll expired, leaving group
2025-04-02 23:14:14,410 - kafka.coordinator - INFO - Leaving consumer group (fraud-detection-group).
2025-04-02 23:14:14,442 - kafka.coordinator - ERROR - Heartbeat thread for group fraud-detection-group failed due to unexpected error: cannot release un-acquired lock
2025-04-02 23:26:29,907 - werkzeug - INFO - 127.0.0.1 - - [02/Apr/2025 23:26:29] "GET / HTTP/1.1" 200 -
2025-04-02 23:26:30,310 - werkzeug - INFO - 127.0.0.1 - - [02/Apr/2025 23:26:30] "GET /api/performance?days=30 HTTP/1.1" 200 -
2025-04-02 23:26:30,310 - werkzeug - INFO - 127.0.0.1 - - [02/Apr/2025 23:26:30] "GET /api/summary?days=30 HTTP/1.1" 200 -
2025-04-02 23:26:32,547 - werkzeug - INFO - 127.0.0.1 - - [02/Apr/2025 23:26:32] "GET /api/performance?days=30 HTTP/1.1" 200 -
2025-04-02 23:26:32,547 - werkzeug - INFO - 127.0.0.1 - - [02/Apr/2025 23:26:32] "GET /api/summary?days=30 HTTP/1.1" 200 -
2025-04-02 23:26:35,281 - werkzeug - INFO - 127.0.0.1 - - [02/Apr/2025 23:26:35] "GET / HTTP/1.1" 200 -
2025-04-02 23:26:35,469 - werkzeug - INFO - 127.0.0.1 - - [02/Apr/2025 23:26:35] "GET /api/summary?days=30 HTTP/1.1" 200 -
2025-04-02 23:26:35,469 - werkzeug - INFO - 127.0.0.1 - - [02/Apr/2025 23:26:35] "GET /api/performance?days=30 HTTP/1.1" 200 -
2025-04-02 23:27:26,629 - FraudDetectionSystem - INFO - Fraud Detection System initialized
2025-04-02 23:27:26,644 - FraudDetectionSystem - INFO - Starting streaming process
2025-04-02 23:27:26,644 - FraudDetectionSystem - INFO - Starting Flask API
2025-04-02 23:27:26,644 - FraudDetectionSystem - INFO - Starting Dashboard
2025-04-02 23:27:26,644 - FraudDetectionSystem - INFO - Streaming process started
2025-04-02 23:27:26,660 - kafka.conn - INFO - <BrokerConnection client_id=kafka-python-2.1.4, node_id=bootstrap-0 host=localhost:9092 <connecting> [IPv6 ('::1', 9092, 0, 0)]>: connecting to localhost:9092 [('::1', 9092, 0, 0) IPv6]
2025-04-02 23:27:26,660 - kafka.conn - INFO - <BrokerConnection client_id=kafka-python-2.1.4, node_id=bootstrap-0 host=localhost:9092 <checking_api_versions_recv> [IPv6 ('::1', 9092, 0, 0)]>: Broker version identified as 2.6
2025-04-02 23:27:26,676 - kafka.conn - INFO - <BrokerConnection client_id=kafka-python-2.1.4, node_id=bootstrap-0 host=localhost:9092 <connected> [IPv6 ('::1', 9092, 0, 0)]>: Connection complete.
2025-04-02 23:27:26,676 - kafka.consumer.subscription_state - INFO - Updating subscribed topics to: ('transactions',)
2025-04-02 23:27:27,729 - FraudDetectionSystem - INFO - Consumer started. Processing transactions...
2025-04-02 23:27:27,729 - kafka.conn - INFO - <BrokerConnection client_id=kafka-python-2.1.4, node_id=0 host=Aditya:9092 <connecting> [IPv6 ('fe80::4a48:b76e:4dc5:86a1', 9092, 0, 3)]>: connecting to Aditya:9092 [('fe80::4a48:b76e:4dc5:86a1', 9092, 0, 3) IPv6]
2025-04-02 23:27:27,729 - kafka.conn - INFO - <BrokerConnection client_id=kafka-python-2.1.4, node_id=0 host=Aditya:9092 <connected> [IPv6 ('fe80::4a48:b76e:4dc5:86a1', 9092, 0, 3)]>: Connection complete.
2025-04-02 23:27:27,729 - kafka.conn - INFO - <BrokerConnection client_id=kafka-python-2.1.4, node_id=bootstrap-0 host=localhost:9092 <connected> [IPv6 ('::1', 9092, 0, 0)]>: Closing connection. 
2025-04-02 23:27:27,855 - kafka.cluster - INFO - Group coordinator for fraud-detection-group is BrokerMetadata(nodeId='coordinator-0', host='Aditya', port=9092, rack=None)
2025-04-02 23:27:27,855 - kafka.coordinator - INFO - Discovered coordinator coordinator-0 for group fraud-detection-group
2025-04-02 23:27:27,855 - kafka.coordinator - INFO - Starting new heartbeat thread
2025-04-02 23:27:27,855 - kafka.coordinator.consumer - INFO - Revoking previously assigned partitions set() for group fraud-detection-group
2025-04-02 23:27:27,855 - kafka.conn - INFO - <BrokerConnection client_id=kafka-python-2.1.4, node_id=coordinator-0 host=Aditya:9092 <connecting> [IPv6 ('fe80::4a48:b76e:4dc5:86a1', 9092, 0, 3)]>: connecting to Aditya:9092 [('fe80::4a48:b76e:4dc5:86a1', 9092, 0, 3) IPv6]
2025-04-02 23:27:27,855 - kafka.conn - INFO - <BrokerConnection client_id=kafka-python-2.1.4, node_id=coordinator-0 host=Aditya:9092 <connected> [IPv6 ('fe80::4a48:b76e:4dc5:86a1', 9092, 0, 3)]>: Connection complete.
2025-04-02 23:27:27,981 - kafka.coordinator - INFO - (Re-)joining group fraud-detection-group
2025-04-02 23:27:27,981 - kafka.coordinator - INFO - Elected group leader -- performing partition assignments using range
2025-04-02 23:27:27,996 - kafka.coordinator - INFO - Successfully joined group fraud-detection-group with generation 1
2025-04-02 23:27:27,996 - kafka.consumer.subscription_state - INFO - Updated partition assignment: [TopicPartition(topic='transactions', partition=0)]
2025-04-02 23:27:27,996 - kafka.coordinator.consumer - INFO - Setting newly assigned partitions {TopicPartition(topic='transactions', partition=0)} for group fraud-detection-group
2025-04-02 23:27:28,341 - werkzeug - INFO - [31m[1mWARNING: This is a development server. Do not use it in a production deployment. Use a production WSGI server instead.[0m
 * Running on all addresses (0.0.0.0)
 * Running on http://127.0.0.1:5001
 * Running on http://192.168.0.107:5001
2025-04-02 23:27:28,357 - werkzeug - INFO - [33mPress CTRL+C to quit[0m
2025-04-02 23:27:28,957 - werkzeug - INFO - [31m[1mWARNING: This is a development server. Do not use it in a production deployment. Use a production WSGI server instead.[0m
 * Running on all addresses (0.0.0.0)
 * Running on http://127.0.0.1:5000
 * Running on http://192.168.0.107:5000
2025-04-02 23:27:28,957 - werkzeug - INFO - [33mPress CTRL+C to quit[0m
2025-04-02 23:27:31,653 - FraudDetectionSystem - INFO - Simulating 50 transactions
2025-04-02 23:27:31,654 - kafka.conn - INFO - <BrokerConnection client_id=kafka-python-producer-1, node_id=bootstrap-0 host=localhost:9092 <connecting> [IPv6 ('::1', 9092, 0, 0)]>: connecting to localhost:9092 [('::1', 9092, 0, 0) IPv6]
2025-04-02 23:27:31,663 - kafka.conn - INFO - <BrokerConnection client_id=kafka-python-producer-1, node_id=bootstrap-0 host=localhost:9092 <checking_api_versions_recv> [IPv6 ('::1', 9092, 0, 0)]>: Broker version identified as 2.6
2025-04-02 23:27:31,663 - kafka.conn - INFO - <BrokerConnection client_id=kafka-python-producer-1, node_id=bootstrap-0 host=localhost:9092 <connected> [IPv6 ('::1', 9092, 0, 0)]>: Connection complete.
2025-04-02 23:27:31,780 - kafka.conn - INFO - <BrokerConnection client_id=kafka-python-producer-1, node_id=0 host=Aditya:9092 <connecting> [IPv6 ('fe80::4a48:b76e:4dc5:86a1', 9092, 0, 3)]>: connecting to Aditya:9092 [('fe80::4a48:b76e:4dc5:86a1', 9092, 0, 3) IPv6]
2025-04-02 23:27:31,780 - kafka.conn - INFO - <BrokerConnection client_id=kafka-python-producer-1, node_id=0 host=Aditya:9092 <connected> [IPv6 ('fe80::4a48:b76e:4dc5:86a1', 9092, 0, 3)]>: Connection complete.
2025-04-02 23:27:31,785 - kafka.conn - INFO - <BrokerConnection client_id=kafka-python-producer-1, node_id=bootstrap-0 host=localhost:9092 <connected> [IPv6 ('::1', 9092, 0, 0)]>: Closing connection. 
2025-04-02 23:27:31,796 - FraudDetectionSystem - ERROR - Error in consumer thread: The feature names should match those that were passed during fit.
Feature names unseen at fit time:
- amount
- country_AU
- country_BR
- country_CA
- country_CN
- ...
Feature names seen at fit time, yet now missing:
- feature_0
- feature_1
- feature_2
- feature_3
- feature_4
- ...

2025-04-02 23:27:31,796 - FraudDetectionSystem - INFO - Consumer thread stopped
2025-04-02 23:27:57,147 - FraudDetectionSystem - INFO - Transaction simulation completed
2025-04-02 23:27:57,147 - kafka.conn - INFO - <BrokerConnection client_id=kafka-python-producer-1, node_id=0 host=Aditya:9092 <connected> [IPv6 ('fe80::4a48:b76e:4dc5:86a1', 9092, 0, 3)]>: Closing connection. 
2025-04-02 23:28:02,056 - werkzeug - INFO - 127.0.0.1 - - [02/Apr/2025 23:28:02] "[32mGET / HTTP/1.1[0m" 302 -
2025-04-02 23:28:02,076 - werkzeug - INFO - 127.0.0.1 - - [02/Apr/2025 23:28:02] "GET /login?next=http://127.0.0.1:5001/ HTTP/1.1" 200 -
2025-04-02 23:28:08,915 - werkzeug - INFO - 127.0.0.1 - - [02/Apr/2025 23:28:08] "[32mPOST /login HTTP/1.1[0m" 302 -
2025-04-02 23:28:08,942 - werkzeug - INFO - 127.0.0.1 - - [02/Apr/2025 23:28:08] "GET / HTTP/1.1" 200 -
2025-04-02 23:28:09,275 - werkzeug - INFO - 127.0.0.1 - - [02/Apr/2025 23:28:09] "GET /api/summary?days=30 HTTP/1.1" 200 -
2025-04-02 23:28:09,280 - werkzeug - INFO - 127.0.0.1 - - [02/Apr/2025 23:28:09] "GET /api/performance?days=30 HTTP/1.1" 200 -
2025-05-28 00:54:23,004 - FraudDetectionSystem - INFO - Fraud Detection System initialized
2025-05-28 00:54:23,007 - FraudDetectionSystem - INFO - Starting Flask API
2025-05-28 00:54:23,007 - FraudDetectionSystem - INFO - Starting streaming process
2025-05-28 00:54:23,008 - FraudDetectionSystem - INFO - Starting Dashboard
2025-05-28 00:54:23,008 - FraudDetectionSystem - INFO - Streaming process started
2025-05-28 00:54:23,020 - kafka.conn - INFO - <BrokerConnection client_id=kafka-python-2.1.4, node_id=bootstrap-0 host=localhost:9092 <connecting> [IPv6 ('::1', 9092, 0, 0)]>: connecting to localhost:9092 [('::1', 9092, 0, 0) IPv6]
2025-05-28 00:54:23,031 - kafka.conn - INFO - <BrokerConnection client_id=kafka-python-2.1.4, node_id=bootstrap-0 host=localhost:9092 <checking_api_versions_recv> [IPv6 ('::1', 9092, 0, 0)]>: Broker version identified as 2.6
2025-05-28 00:54:23,031 - kafka.conn - INFO - <BrokerConnection client_id=kafka-python-2.1.4, node_id=bootstrap-0 host=localhost:9092 <connected> [IPv6 ('::1', 9092, 0, 0)]>: Connection complete.
2025-05-28 00:54:23,032 - kafka.consumer.subscription_state - INFO - Updating subscribed topics to: ('transactions',)
2025-05-28 00:54:23,894 - FraudDetectionSystem - INFO - Consumer started. Processing transactions...
2025-05-28 00:54:23,908 - kafka.conn - INFO - <BrokerConnection client_id=kafka-python-2.1.4, node_id=0 host=Aditya:9092 <connecting> [IPv6 ('fe80::4a48:b76e:4dc5:86a1', 9092, 0, 3)]>: connecting to Aditya:9092 [('fe80::4a48:b76e:4dc5:86a1', 9092, 0, 3) IPv6]
2025-05-28 00:54:23,921 - kafka.conn - INFO - <BrokerConnection client_id=kafka-python-2.1.4, node_id=0 host=Aditya:9092 <connected> [IPv6 ('fe80::4a48:b76e:4dc5:86a1', 9092, 0, 3)]>: Connection complete.
2025-05-28 00:54:23,922 - kafka.conn - INFO - <BrokerConnection client_id=kafka-python-2.1.4, node_id=bootstrap-0 host=localhost:9092 <connected> [IPv6 ('::1', 9092, 0, 0)]>: Closing connection. 
2025-05-28 00:54:24,033 - kafka.cluster - INFO - Group coordinator for fraud-detection-group is BrokerMetadata(nodeId='coordinator-0', host='Aditya', port=9092, rack=None)
2025-05-28 00:54:24,034 - kafka.coordinator - INFO - Discovered coordinator coordinator-0 for group fraud-detection-group
2025-05-28 00:54:24,034 - kafka.coordinator - INFO - Starting new heartbeat thread
2025-05-28 00:54:24,035 - kafka.coordinator.consumer - INFO - Revoking previously assigned partitions set() for group fraud-detection-group
2025-05-28 00:54:24,037 - kafka.conn - INFO - <BrokerConnection client_id=kafka-python-2.1.4, node_id=coordinator-0 host=Aditya:9092 <connecting> [IPv6 ('fe80::4a48:b76e:4dc5:86a1', 9092, 0, 3)]>: connecting to Aditya:9092 [('fe80::4a48:b76e:4dc5:86a1', 9092, 0, 3) IPv6]
2025-05-28 00:54:24,038 - kafka.conn - INFO - <BrokerConnection client_id=kafka-python-2.1.4, node_id=coordinator-0 host=Aditya:9092 <connected> [IPv6 ('fe80::4a48:b76e:4dc5:86a1', 9092, 0, 3)]>: Connection complete.
2025-05-28 00:54:24,099 - werkzeug - INFO - [31m[1mWARNING: This is a development server. Do not use it in a production deployment. Use a production WSGI server instead.[0m
 * Running on all addresses (0.0.0.0)
 * Running on http://127.0.0.1:5001
 * Running on http://192.168.0.107:5001
2025-05-28 00:54:24,100 - werkzeug - INFO - [33mPress CTRL+C to quit[0m
2025-05-28 00:54:24,152 - kafka.coordinator - INFO - (Re-)joining group fraud-detection-group
2025-05-28 00:54:24,184 - kafka.coordinator - INFO - Elected group leader -- performing partition assignments using range
2025-05-28 00:54:24,231 - kafka.coordinator - INFO - Successfully joined group fraud-detection-group with generation 1
2025-05-28 00:54:24,236 - kafka.consumer.subscription_state - INFO - Updated partition assignment: [TopicPartition(topic='transactions', partition=0)]
2025-05-28 00:54:24,237 - kafka.coordinator.consumer - INFO - Setting newly assigned partitions {TopicPartition(topic='transactions', partition=0)} for group fraud-detection-group
2025-05-28 00:54:24,450 - werkzeug - INFO - [31m[1mWARNING: This is a development server. Do not use it in a production deployment. Use a production WSGI server instead.[0m
 * Running on all addresses (0.0.0.0)
 * Running on http://127.0.0.1:5000
 * Running on http://192.168.0.107:5000
2025-05-28 00:54:24,451 - werkzeug - INFO - [33mPress CTRL+C to quit[0m
2025-05-28 00:54:28,015 - FraudDetectionSystem - INFO - Simulating 50 transactions
2025-05-28 00:54:28,017 - kafka.conn - INFO - <BrokerConnection client_id=kafka-python-producer-1, node_id=bootstrap-0 host=localhost:9092 <connecting> [IPv6 ('::1', 9092, 0, 0)]>: connecting to localhost:9092 [('::1', 9092, 0, 0) IPv6]
2025-05-28 00:54:28,020 - kafka.conn - INFO - <BrokerConnection client_id=kafka-python-producer-1, node_id=bootstrap-0 host=localhost:9092 <checking_api_versions_recv> [IPv6 ('::1', 9092, 0, 0)]>: Broker version identified as 2.6
2025-05-28 00:54:28,021 - kafka.conn - INFO - <BrokerConnection client_id=kafka-python-producer-1, node_id=bootstrap-0 host=localhost:9092 <connected> [IPv6 ('::1', 9092, 0, 0)]>: Connection complete.
2025-05-28 00:54:28,140 - kafka.conn - INFO - <BrokerConnection client_id=kafka-python-producer-1, node_id=0 host=Aditya:9092 <connecting> [IPv6 ('fe80::4a48:b76e:4dc5:86a1', 9092, 0, 3)]>: connecting to Aditya:9092 [('fe80::4a48:b76e:4dc5:86a1', 9092, 0, 3) IPv6]
2025-05-28 00:54:28,142 - kafka.conn - INFO - <BrokerConnection client_id=kafka-python-producer-1, node_id=0 host=Aditya:9092 <connected> [IPv6 ('fe80::4a48:b76e:4dc5:86a1', 9092, 0, 3)]>: Connection complete.
2025-05-28 00:54:28,142 - kafka.conn - INFO - <BrokerConnection client_id=kafka-python-producer-1, node_id=bootstrap-0 host=localhost:9092 <connected> [IPv6 ('::1', 9092, 0, 0)]>: Closing connection. 
2025-05-28 00:54:28,164 - FraudDetectionSystem - ERROR - Error in consumer thread: The feature names should match those that were passed during fit.
Feature names unseen at fit time:
- amount
- country_AU
- country_BR
- country_CA
- country_CN
- ...
Feature names seen at fit time, yet now missing:
- feature_0
- feature_1
- feature_2
- feature_3
- feature_4
- ...

2025-05-28 00:54:28,164 - FraudDetectionSystem - INFO - Consumer thread stopped
2025-05-28 00:54:53,759 - FraudDetectionSystem - INFO - Transaction simulation completed
2025-05-28 00:54:53,760 - kafka.conn - INFO - <BrokerConnection client_id=kafka-python-producer-1, node_id=0 host=Aditya:9092 <connected> [IPv6 ('fe80::4a48:b76e:4dc5:86a1', 9092, 0, 3)]>: Closing connection. 
2025-05-28 00:55:22,239 - werkzeug - INFO - 127.0.0.1 - - [28/May/2025 00:55:22] "GET / HTTP/1.1" 200 -
2025-05-28 00:55:22,902 - werkzeug - INFO - 127.0.0.1 - - [28/May/2025 00:55:22] "[33mGET /favicon.ico HTTP/1.1[0m" 404 -
2025-05-28 00:55:41,564 - werkzeug - INFO - 127.0.0.1 - - [28/May/2025 00:55:41] "GET / HTTP/1.1" 200 -
2025-05-28 00:55:41,972 - werkzeug - INFO - 127.0.0.1 - - [28/May/2025 00:55:41] "GET /api/alerts HTTP/1.1" 200 -
2025-05-28 00:55:41,977 - werkzeug - INFO - 127.0.0.1 - - [28/May/2025 00:55:41] "GET /api/performance?days=30 HTTP/1.1" 200 -
2025-05-28 00:55:41,982 - werkzeug - INFO - 127.0.0.1 - - [28/May/2025 00:55:41] "GET /api/summary?days=30 HTTP/1.1" 200 -
2025-05-28 00:55:41,996 - werkzeug - INFO - 127.0.0.1 - - [28/May/2025 00:55:41] "[33mGET /favicon.ico HTTP/1.1[0m" 404 -
2025-05-28 00:55:45,407 - werkzeug - INFO - 127.0.0.1 - - [28/May/2025 00:55:45] "GET / HTTP/1.1" 200 -
2025-05-28 00:55:45,534 - werkzeug - INFO - 127.0.0.1 - - [28/May/2025 00:55:45] "GET /api/alerts HTTP/1.1" 200 -
2025-05-28 00:55:45,534 - werkzeug - INFO - 127.0.0.1 - - [28/May/2025 00:55:45] "GET /api/performance?days=30 HTTP/1.1" 200 -
2025-05-28 00:55:45,539 - werkzeug - INFO - 127.0.0.1 - - [28/May/2025 00:55:45] "GET /api/summary?days=30 HTTP/1.1" 200 -
2025-05-28 00:55:48,080 - werkzeug - INFO - 127.0.0.1 - - [28/May/2025 00:55:48] "GET /api/performance?days=7 HTTP/1.1" 200 -
2025-05-28 00:55:48,087 - werkzeug - INFO - 127.0.0.1 - - [28/May/2025 00:55:48] "GET /api/summary?days=7 HTTP/1.1" 200 -
2025-05-28 00:55:50,031 - werkzeug - INFO - 127.0.0.1 - - [28/May/2025 00:55:50] "GET /api/performance?days=30 HTTP/1.1" 200 -
2025-05-28 00:55:50,033 - werkzeug - INFO - 127.0.0.1 - - [28/May/2025 00:55:50] "GET /api/summary?days=30 HTTP/1.1" 200 -
2025-05-28 00:57:59,225 - werkzeug - INFO - 127.0.0.1 - - [28/May/2025 00:57:59] "GET / HTTP/1.1" 200 -
2025-05-28 00:57:59,344 - werkzeug - INFO - 127.0.0.1 - - [28/May/2025 00:57:59] "GET /api/alerts HTTP/1.1" 200 -
2025-05-28 00:57:59,346 - werkzeug - INFO - 127.0.0.1 - - [28/May/2025 00:57:59] "GET /api/performance?days=30 HTTP/1.1" 200 -
2025-05-28 00:57:59,348 - werkzeug - INFO - 127.0.0.1 - - [28/May/2025 00:57:59] "GET /api/summary?days=30 HTTP/1.1" 200 -
2025-05-28 00:58:00,203 - werkzeug - INFO - 127.0.0.1 - - [28/May/2025 00:58:00] "GET / HTTP/1.1" 200 -
2025-05-28 00:58:00,315 - werkzeug - INFO - 127.0.0.1 - - [28/May/2025 00:58:00] "GET /api/alerts HTTP/1.1" 200 -
2025-05-28 00:58:00,317 - werkzeug - INFO - 127.0.0.1 - - [28/May/2025 00:58:00] "GET /api/performance?days=30 HTTP/1.1" 200 -
2025-05-28 00:58:00,321 - werkzeug - INFO - 127.0.0.1 - - [28/May/2025 00:58:00] "GET /api/summary?days=30 HTTP/1.1" 200 -
2025-05-28 00:58:02,256 - werkzeug - INFO - 127.0.0.1 - - [28/May/2025 00:58:02] "GET / HTTP/1.1" 200 -
2025-05-28 00:58:02,373 - werkzeug - INFO - 127.0.0.1 - - [28/May/2025 00:58:02] "GET /api/alerts HTTP/1.1" 200 -
2025-05-28 00:58:02,374 - werkzeug - INFO - 127.0.0.1 - - [28/May/2025 00:58:02] "GET /api/performance?days=30 HTTP/1.1" 200 -
2025-05-28 00:58:02,378 - werkzeug - INFO - 127.0.0.1 - - [28/May/2025 00:58:02] "GET /api/summary?days=30 HTTP/1.1" 200 -
2025-05-28 00:58:22,527 - werkzeug - INFO - 127.0.0.1 - - [28/May/2025 00:58:22] "GET /api/alerts?days=30 HTTP/1.1" 200 -
2025-05-28 00:58:33,833 - werkzeug - INFO - 127.0.0.1 - - [28/May/2025 00:58:33] "GET /api/settings HTTP/1.1" 200 -
2025-05-28 00:59:28,182 - kafka.coordinator - WARNING - Heartbeat poll expired, leaving group
2025-05-28 00:59:28,186 - kafka.coordinator - INFO - Leaving consumer group (fraud-detection-group).
2025-05-28 00:59:28,207 - kafka.coordinator - ERROR - Heartbeat thread for group fraud-detection-group failed due to unexpected error: cannot release un-acquired lock
2025-05-28 01:03:02,868 - werkzeug - INFO - 127.0.0.1 - - [28/May/2025 01:03:02] "GET /api/performance?days=30 HTTP/1.1" 200 -
2025-05-28 01:03:02,878 - werkzeug - INFO - 127.0.0.1 - - [28/May/2025 01:03:02] "GET /api/summary?days=30 HTTP/1.1" 200 -
2025-05-28 01:08:02,866 - werkzeug - INFO - 127.0.0.1 - - [28/May/2025 01:08:02] "GET /api/performance?days=30 HTTP/1.1" 200 -
2025-05-28 01:08:02,873 - werkzeug - INFO - 127.0.0.1 - - [28/May/2025 01:08:02] "GET /api/summary?days=30 HTTP/1.1" 200 -
2025-05-28 01:09:59,288 - werkzeug - INFO - 127.0.0.1 - - [28/May/2025 01:09:59] "GET / HTTP/1.1" 200 -
2025-05-28 01:09:59,491 - werkzeug - INFO - 127.0.0.1 - - [28/May/2025 01:09:59] "GET /api/alerts HTTP/1.1" 200 -
2025-05-28 01:09:59,492 - werkzeug - INFO - 127.0.0.1 - - [28/May/2025 01:09:59] "GET /api/performance?days=30 HTTP/1.1" 200 -
2025-05-28 01:09:59,497 - werkzeug - INFO - 127.0.0.1 - - [28/May/2025 01:09:59] "GET /api/summary?days=30 HTTP/1.1" 200 -
2025-05-28 01:14:59,867 - werkzeug - INFO - 127.0.0.1 - - [28/May/2025 01:14:59] "GET /api/performance?days=30 HTTP/1.1" 200 -
2025-05-28 01:14:59,873 - werkzeug - INFO - 127.0.0.1 - - [28/May/2025 01:14:59] "GET /api/summary?days=30 HTTP/1.1" 200 -
2025-05-28 01:19:59,870 - werkzeug - INFO - 127.0.0.1 - - [28/May/2025 01:19:59] "GET /api/performance?days=30 HTTP/1.1" 200 -
2025-05-28 01:19:59,871 - werkzeug - INFO - 127.0.0.1 - - [28/May/2025 01:19:59] "GET /api/summary?days=30 HTTP/1.1" 200 -
2025-05-28 01:20:59,413 - werkzeug - INFO - 127.0.0.1 - - [28/May/2025 01:20:59] "GET / HTTP/1.1" 200 -
2025-05-28 01:20:59,618 - werkzeug - INFO - 127.0.0.1 - - [28/May/2025 01:20:59] "GET /api/alerts HTTP/1.1" 200 -
2025-05-28 01:20:59,619 - werkzeug - INFO - 127.0.0.1 - - [28/May/2025 01:20:59] "GET /api/performance?days=30 HTTP/1.1" 200 -
2025-05-28 01:20:59,622 - werkzeug - INFO - 127.0.0.1 - - [28/May/2025 01:20:59] "GET /api/summary?days=30 HTTP/1.1" 200 -
2025-05-28 01:21:00,500 - werkzeug - INFO - 127.0.0.1 - - [28/May/2025 01:21:00] "GET / HTTP/1.1" 200 -
2025-05-28 01:21:00,618 - werkzeug - INFO - 127.0.0.1 - - [28/May/2025 01:21:00] "GET /api/alerts HTTP/1.1" 200 -
2025-05-28 01:21:00,618 - werkzeug - INFO - 127.0.0.1 - - [28/May/2025 01:21:00] "GET /api/performance?days=30 HTTP/1.1" 200 -
2025-05-28 01:21:00,624 - werkzeug - INFO - 127.0.0.1 - - [28/May/2025 01:21:00] "GET /api/summary?days=30 HTTP/1.1" 200 -
2025-05-28 01:21:03,234 - werkzeug - INFO - 127.0.0.1 - - [28/May/2025 01:21:03] "GET / HTTP/1.1" 200 -
2025-05-28 01:21:07,712 - werkzeug - INFO - 127.0.0.1 - - [28/May/2025 01:21:07] "GET /api/alerts HTTP/1.1" 200 -
2025-05-28 01:21:16,015 - werkzeug - INFO - 127.0.0.1 - - [28/May/2025 01:21:16] "GET / HTTP/1.1" 200 -
2025-05-28 01:21:16,132 - werkzeug - INFO - 127.0.0.1 - - [28/May/2025 01:21:16] "GET /api/alerts HTTP/1.1" 200 -
2025-05-28 01:21:16,133 - werkzeug - INFO - 127.0.0.1 - - [28/May/2025 01:21:16] "GET /api/performance?days=30 HTTP/1.1" 200 -
2025-05-28 01:21:16,137 - werkzeug - INFO - 127.0.0.1 - - [28/May/2025 01:21:16] "GET /api/summary?days=30 HTTP/1.1" 200 -
2025-05-30 00:39:59,126 - FraudDetectionSystem - INFO - Fraud Detection System initialized
2025-05-30 00:39:59,132 - FraudDetectionSystem - INFO - Starting streaming process
2025-05-30 00:39:59,132 - FraudDetectionSystem - INFO - Starting Flask API
2025-05-30 00:39:59,133 - FraudDetectionSystem - INFO - Streaming process started
2025-05-30 00:39:59,134 - FraudDetectionSystem - INFO - Starting Dashboard
2025-05-30 00:39:59,152 - kafka.conn - INFO - <BrokerConnection client_id=kafka-python-2.1.4, node_id=bootstrap-0 host=localhost:9092 <connecting> [IPv6 ('::1', 9092, 0, 0)]>: connecting to localhost:9092 [('::1', 9092, 0, 0) IPv6]
2025-05-30 00:40:00,156 - werkzeug - INFO - [31m[1mWARNING: This is a development server. Do not use it in a production deployment. Use a production WSGI server instead.[0m
 * Running on all addresses (0.0.0.0)
 * Running on http://127.0.0.1:5001
 * Running on http://192.168.0.107:5001
2025-05-30 00:40:00,158 - werkzeug - INFO - [33mPress CTRL+C to quit[0m
2025-05-30 00:40:01,143 - FraudDetectionSystem - ERROR - Error in consumer thread: NoBrokersAvailable
2025-05-30 00:40:01,153 - FraudDetectionSystem - INFO - Consumer thread stopped
2025-05-30 00:40:01,329 - werkzeug - INFO - [31m[1mWARNING: This is a development server. Do not use it in a production deployment. Use a production WSGI server instead.[0m
 * Running on all addresses (0.0.0.0)
 * Running on http://127.0.0.1:5000
 * Running on http://192.168.0.107:5000
2025-05-30 00:40:01,330 - werkzeug - INFO - [33mPress CTRL+C to quit[0m
2025-05-30 00:40:04,135 - FraudDetectionSystem - INFO - Simulating 50 transactions
2025-05-30 00:40:04,141 - kafka.conn - INFO - <BrokerConnection client_id=kafka-python-producer-1, node_id=bootstrap-0 host=localhost:9092 <connecting> [IPv6 ('::1', 9092, 0, 0)]>: connecting to localhost:9092 [('::1', 9092, 0, 0) IPv6]
2025-05-30 00:50:43,888 - FraudDetectionSystem - INFO - Fraud Detection System initialized
2025-05-30 00:50:43,891 - FraudDetectionSystem - INFO - Starting streaming process
2025-05-30 00:50:43,893 - FraudDetectionSystem - INFO - Starting Flask API
2025-05-30 00:50:43,894 - FraudDetectionSystem - INFO - Starting Dashboard
2025-05-30 00:50:43,903 - FraudDetectionSystem - INFO - Streaming process started
2025-05-30 00:50:43,911 - kafka.conn - INFO - <BrokerConnection client_id=kafka-python-2.1.4, node_id=bootstrap-0 host=localhost:9092 <connecting> [IPv6 ('::1', 9092, 0, 0)]>: connecting to localhost:9092 [('::1', 9092, 0, 0) IPv6]
2025-05-30 00:50:43,934 - kafka.conn - INFO - <BrokerConnection client_id=kafka-python-2.1.4, node_id=bootstrap-0 host=localhost:9092 <checking_api_versions_recv> [IPv6 ('::1', 9092, 0, 0)]>: Broker version identified as 2.6
2025-05-30 00:50:43,936 - kafka.conn - INFO - <BrokerConnection client_id=kafka-python-2.1.4, node_id=bootstrap-0 host=localhost:9092 <connected> [IPv6 ('::1', 9092, 0, 0)]>: Connection complete.
2025-05-30 00:50:43,943 - kafka.consumer.subscription_state - INFO - Updating subscribed topics to: ('transactions',)
2025-05-30 00:50:46,183 - FraudDetectionSystem - INFO - Consumer started. Processing transactions...
2025-05-30 00:50:46,230 - kafka.conn - INFO - <BrokerConnection client_id=kafka-python-2.1.4, node_id=0 host=Aditya:9092 <connecting> [IPv6 ('fe80::4a48:b76e:4dc5:86a1', 9092, 0, 3)]>: connecting to Aditya:9092 [('fe80::4a48:b76e:4dc5:86a1', 9092, 0, 3) IPv6]
2025-05-30 00:50:46,233 - kafka.conn - INFO - <BrokerConnection client_id=kafka-python-2.1.4, node_id=0 host=Aditya:9092 <connected> [IPv6 ('fe80::4a48:b76e:4dc5:86a1', 9092, 0, 3)]>: Connection complete.
2025-05-30 00:50:46,235 - kafka.conn - INFO - <BrokerConnection client_id=kafka-python-2.1.4, node_id=bootstrap-0 host=localhost:9092 <connected> [IPv6 ('::1', 9092, 0, 0)]>: Closing connection. 
2025-05-30 00:50:46,374 - kafka.cluster - INFO - Group coordinator for fraud-detection-group is BrokerMetadata(nodeId='coordinator-0', host='Aditya', port=9092, rack=None)
2025-05-30 00:50:46,375 - kafka.coordinator - INFO - Discovered coordinator coordinator-0 for group fraud-detection-group
2025-05-30 00:50:46,378 - kafka.coordinator - INFO - Starting new heartbeat thread
2025-05-30 00:50:46,382 - kafka.coordinator.consumer - INFO - Revoking previously assigned partitions set() for group fraud-detection-group
2025-05-30 00:50:46,387 - kafka.conn - INFO - <BrokerConnection client_id=kafka-python-2.1.4, node_id=coordinator-0 host=Aditya:9092 <connecting> [IPv6 ('fe80::4a48:b76e:4dc5:86a1', 9092, 0, 3)]>: connecting to Aditya:9092 [('fe80::4a48:b76e:4dc5:86a1', 9092, 0, 3) IPv6]
2025-05-30 00:50:46,396 - kafka.conn - INFO - <BrokerConnection client_id=kafka-python-2.1.4, node_id=coordinator-0 host=Aditya:9092 <connected> [IPv6 ('fe80::4a48:b76e:4dc5:86a1', 9092, 0, 3)]>: Connection complete.
2025-05-30 00:50:46,505 - kafka.coordinator - INFO - (Re-)joining group fraud-detection-group
2025-05-30 00:50:46,621 - kafka.coordinator - INFO - Elected group leader -- performing partition assignments using range
2025-05-30 00:50:46,755 - werkzeug - INFO - [31m[1mWARNING: This is a development server. Do not use it in a production deployment. Use a production WSGI server instead.[0m
 * Running on all addresses (0.0.0.0)
 * Running on http://127.0.0.1:5001
 * Running on http://192.168.0.107:5001
2025-05-30 00:50:46,758 - werkzeug - INFO - [33mPress CTRL+C to quit[0m
2025-05-30 00:50:46,800 - kafka.coordinator - INFO - Successfully joined group fraud-detection-group with generation 1
2025-05-30 00:50:46,805 - kafka.consumer.subscription_state - INFO - Updated partition assignment: [TopicPartition(topic='transactions', partition=0)]
2025-05-30 00:50:46,824 - kafka.coordinator.consumer - INFO - Setting newly assigned partitions {TopicPartition(topic='transactions', partition=0)} for group fraud-detection-group
2025-05-30 00:50:48,090 - werkzeug - INFO - [31m[1mWARNING: This is a development server. Do not use it in a production deployment. Use a production WSGI server instead.[0m
 * Running on all addresses (0.0.0.0)
 * Running on http://127.0.0.1:5000
 * Running on http://192.168.0.107:5000
2025-05-30 00:50:48,092 - werkzeug - INFO - [33mPress CTRL+C to quit[0m
2025-05-30 00:50:48,909 - FraudDetectionSystem - INFO - Simulating 50 transactions
2025-05-30 00:50:48,913 - kafka.conn - INFO - <BrokerConnection client_id=kafka-python-producer-1, node_id=bootstrap-0 host=localhost:9092 <connecting> [IPv6 ('::1', 9092, 0, 0)]>: connecting to localhost:9092 [('::1', 9092, 0, 0) IPv6]
2025-05-30 00:50:48,923 - kafka.conn - INFO - <BrokerConnection client_id=kafka-python-producer-1, node_id=bootstrap-0 host=localhost:9092 <checking_api_versions_recv> [IPv6 ('::1', 9092, 0, 0)]>: Broker version identified as 2.6
2025-05-30 00:50:48,924 - kafka.conn - INFO - <BrokerConnection client_id=kafka-python-producer-1, node_id=bootstrap-0 host=localhost:9092 <connected> [IPv6 ('::1', 9092, 0, 0)]>: Connection complete.
2025-05-30 00:50:49,051 - kafka.conn - INFO - <BrokerConnection client_id=kafka-python-producer-1, node_id=0 host=Aditya:9092 <connecting> [IPv6 ('fe80::4a48:b76e:4dc5:86a1', 9092, 0, 3)]>: connecting to Aditya:9092 [('fe80::4a48:b76e:4dc5:86a1', 9092, 0, 3) IPv6]
2025-05-30 00:50:49,053 - kafka.conn - INFO - <BrokerConnection client_id=kafka-python-producer-1, node_id=0 host=Aditya:9092 <connected> [IPv6 ('fe80::4a48:b76e:4dc5:86a1', 9092, 0, 3)]>: Connection complete.
2025-05-30 00:50:49,054 - kafka.conn - INFO - <BrokerConnection client_id=kafka-python-producer-1, node_id=bootstrap-0 host=localhost:9092 <connected> [IPv6 ('::1', 9092, 0, 0)]>: Closing connection. 
2025-05-30 00:50:49,097 - FraudDetectionSystem - ERROR - Error in consumer thread: The feature names should match those that were passed during fit.
Feature names unseen at fit time:
- amount
- country_AU
- country_BR
- country_CA
- country_CN
- ...
Feature names seen at fit time, yet now missing:
- feature_0
- feature_1
- feature_2
- feature_3
- feature_4
- ...

2025-05-30 00:50:49,098 - FraudDetectionSystem - INFO - Consumer thread stopped
2025-05-30 00:51:14,733 - FraudDetectionSystem - INFO - Transaction simulation completed
2025-05-30 00:51:14,735 - kafka.conn - INFO - <BrokerConnection client_id=kafka-python-producer-1, node_id=0 host=Aditya:9092 <connected> [IPv6 ('fe80::4a48:b76e:4dc5:86a1', 9092, 0, 3)]>: Closing connection. 
2025-05-30 00:51:23,290 - werkzeug - INFO - 127.0.0.1 - - [30/May/2025 00:51:23] "GET / HTTP/1.1" 200 -
2025-05-30 00:51:24,210 - werkzeug - INFO - 127.0.0.1 - - [30/May/2025 00:51:24] "GET /api/performance?days=30 HTTP/1.1" 200 -
2025-05-30 00:51:24,212 - werkzeug - INFO - 127.0.0.1 - - [30/May/2025 00:51:24] "GET /api/alerts HTTP/1.1" 200 -
2025-05-30 00:51:24,219 - werkzeug - INFO - 127.0.0.1 - - [30/May/2025 00:51:24] "[33mGET /favicon.ico HTTP/1.1[0m" 404 -
2025-05-30 00:51:24,227 - werkzeug - INFO - 127.0.0.1 - - [30/May/2025 00:51:24] "GET /api/summary?days=30 HTTP/1.1" 200 -
2025-05-30 00:51:27,098 - werkzeug - INFO - 127.0.0.1 - - [30/May/2025 00:51:27] "GET / HTTP/1.1" 200 -
2025-05-30 00:51:28,152 - werkzeug - INFO - 127.0.0.1 - - [30/May/2025 00:51:28] "[33mGET /favicon.ico HTTP/1.1[0m" 404 -
2025-05-30 00:52:23,098 - werkzeug - INFO - 127.0.0.1 - - [30/May/2025 00:52:23] "GET /api/performance?days=30 HTTP/1.1" 200 -
2025-05-30 00:52:23,105 - werkzeug - INFO - 127.0.0.1 - - [30/May/2025 00:52:23] "GET /api/summary?days=30 HTTP/1.1" 200 -
2025-05-30 00:52:25,910 - werkzeug - INFO - 127.0.0.1 - - [30/May/2025 00:52:25] "GET /api/performance?days=7 HTTP/1.1" 200 -
2025-05-30 00:52:25,922 - werkzeug - INFO - 127.0.0.1 - - [30/May/2025 00:52:25] "GET /api/summary?days=7 HTTP/1.1" 200 -
2025-05-30 00:52:29,414 - werkzeug - INFO - 127.0.0.1 - - [30/May/2025 00:52:29] "GET /api/performance?days=30 HTTP/1.1" 200 -
2025-05-30 00:52:29,421 - werkzeug - INFO - 127.0.0.1 - - [30/May/2025 00:52:29] "GET /api/summary?days=30 HTTP/1.1" 200 -
2025-05-30 00:52:32,551 - werkzeug - INFO - 127.0.0.1 - - [30/May/2025 00:52:32] "GET /api/performance?days=90 HTTP/1.1" 200 -
2025-05-30 00:52:32,569 - werkzeug - INFO - 127.0.0.1 - - [30/May/2025 00:52:32] "GET /api/summary?days=90 HTTP/1.1" 200 -
2025-05-30 00:52:40,431 - werkzeug - INFO - 127.0.0.1 - - [30/May/2025 00:52:40] "GET /api/performance?days=30 HTTP/1.1" 200 -
2025-05-30 00:52:40,442 - werkzeug - INFO - 127.0.0.1 - - [30/May/2025 00:52:40] "GET /api/summary?days=30 HTTP/1.1" 200 -
2025-05-30 00:55:49,112 - kafka.coordinator - WARNING - Heartbeat poll expired, leaving group
2025-05-30 00:55:49,113 - kafka.coordinator - INFO - Leaving consumer group (fraud-detection-group).
2025-05-30 00:55:49,133 - kafka.coordinator - ERROR - Heartbeat thread for group fraud-detection-group failed due to unexpected error: cannot release un-acquired lock
2025-05-30 00:56:24,213 - werkzeug - INFO - 127.0.0.1 - - [30/May/2025 00:56:24] "GET /api/performance?days=30 HTTP/1.1" 200 -
2025-05-30 00:56:24,224 - werkzeug - INFO - 127.0.0.1 - - [30/May/2025 00:56:24] "GET /api/summary?days=30 HTTP/1.1" 200 -
2025-05-30 00:57:15,790 - werkzeug - INFO - 127.0.0.1 - - [30/May/2025 00:57:15] "GET /api/performance?days=7 HTTP/1.1" 200 -
2025-05-30 00:57:15,806 - werkzeug - INFO - 127.0.0.1 - - [30/May/2025 00:57:15] "GET /api/summary?days=7 HTTP/1.1" 200 -
2025-05-30 00:57:18,673 - werkzeug - INFO - 127.0.0.1 - - [30/May/2025 00:57:18] "GET /api/performance?days=30 HTTP/1.1" 200 -
2025-05-30 00:57:18,681 - werkzeug - INFO - 127.0.0.1 - - [30/May/2025 00:57:18] "GET /api/summary?days=30 HTTP/1.1" 200 -
2025-05-30 00:57:32,217 - werkzeug - INFO - 127.0.0.1 - - [30/May/2025 00:57:32] "GET /api/alerts?days=30 HTTP/1.1" 200 -
2025-05-30 00:57:38,865 - werkzeug - INFO - 127.0.0.1 - - [30/May/2025 00:57:38] "GET /api/alerts?days=30 HTTP/1.1" 200 -
2025-05-30 00:57:41,289 - werkzeug - INFO - 127.0.0.1 - - [30/May/2025 00:57:41] "GET /api/alerts?days=30 HTTP/1.1" 200 -
2025-05-30 00:58:30,382 - werkzeug - INFO - 127.0.0.1 - - [30/May/2025 00:58:30] "GET /api/settings HTTP/1.1" 200 -
2025-05-30 00:58:39,429 - werkzeug - INFO - 127.0.0.1 - - [30/May/2025 00:58:39] "GET /api/settings HTTP/1.1" 200 -
2025-05-30 00:58:47,800 - werkzeug - INFO - 127.0.0.1 - - [30/May/2025 00:58:47] "POST /api/update-settings HTTP/1.1" 200 -
2025-05-30 14:36:04,327 - FraudDetectionSystem - INFO - Fraud Detection System initialized
2025-05-30 14:36:04,333 - FraudDetectionSystem - INFO - Starting streaming process
2025-05-30 14:36:04,334 - FraudDetectionSystem - INFO - Starting Flask API
2025-05-30 14:36:04,335 - FraudDetectionSystem - INFO - Starting Dashboard
2025-05-30 14:36:04,338 - FraudDetectionSystem - INFO - Streaming process started
2025-05-30 14:36:04,362 - kafka.conn - INFO - <BrokerConnection client_id=kafka-python-2.1.4, node_id=bootstrap-0 host=localhost:9092 <connecting> [IPv6 ('::1', 9092, 0, 0)]>: connecting to localhost:9092 [('::1', 9092, 0, 0) IPv6]
2025-05-30 14:36:04,385 - kafka.conn - INFO - <BrokerConnection client_id=kafka-python-2.1.4, node_id=bootstrap-0 host=localhost:9092 <checking_api_versions_recv> [IPv6 ('::1', 9092, 0, 0)]>: Broker version identified as 2.6
2025-05-30 14:36:04,387 - kafka.conn - INFO - <BrokerConnection client_id=kafka-python-2.1.4, node_id=bootstrap-0 host=localhost:9092 <connected> [IPv6 ('::1', 9092, 0, 0)]>: Connection complete.
2025-05-30 14:36:04,390 - kafka.consumer.subscription_state - INFO - Updating subscribed topics to: ('transactions',)
2025-05-30 14:36:06,203 - FraudDetectionSystem - INFO - Consumer started. Processing transactions...
2025-05-30 14:36:06,241 - kafka.conn - INFO - <BrokerConnection client_id=kafka-python-2.1.4, node_id=0 host=kubernetes.docker.internal:9092 <connecting> [IPv4 ('127.0.0.1', 9092)]>: connecting to kubernetes.docker.internal:9092 [('127.0.0.1', 9092) IPv4]
2025-05-30 14:36:06,244 - kafka.conn - INFO - <BrokerConnection client_id=kafka-python-2.1.4, node_id=0 host=kubernetes.docker.internal:9092 <connected> [IPv4 ('127.0.0.1', 9092)]>: Connection complete.
2025-05-30 14:36:06,247 - kafka.conn - INFO - <BrokerConnection client_id=kafka-python-2.1.4, node_id=bootstrap-0 host=localhost:9092 <connected> [IPv6 ('::1', 9092, 0, 0)]>: Closing connection. 
2025-05-30 14:36:06,364 - kafka.cluster - INFO - Group coordinator for fraud-detection-group is BrokerMetadata(nodeId='coordinator-0', host='kubernetes.docker.internal', port=9092, rack=None)
2025-05-30 14:36:06,366 - kafka.coordinator - INFO - Discovered coordinator coordinator-0 for group fraud-detection-group
2025-05-30 14:36:06,366 - kafka.coordinator - INFO - Starting new heartbeat thread
2025-05-30 14:36:06,369 - kafka.coordinator.consumer - INFO - Revoking previously assigned partitions set() for group fraud-detection-group
2025-05-30 14:36:06,371 - kafka.conn - INFO - <BrokerConnection client_id=kafka-python-2.1.4, node_id=coordinator-0 host=kubernetes.docker.internal:9092 <connecting> [IPv4 ('127.0.0.1', 9092)]>: connecting to kubernetes.docker.internal:9092 [('127.0.0.1', 9092) IPv4]
2025-05-30 14:36:06,373 - kafka.conn - INFO - <BrokerConnection client_id=kafka-python-2.1.4, node_id=coordinator-0 host=kubernetes.docker.internal:9092 <connected> [IPv4 ('127.0.0.1', 9092)]>: Connection complete.
2025-05-30 14:36:06,477 - kafka.coordinator - INFO - (Re-)joining group fraud-detection-group
2025-05-30 14:36:06,535 - kafka.coordinator - INFO - Elected group leader -- performing partition assignments using range
2025-05-30 14:36:06,636 - kafka.coordinator - INFO - Successfully joined group fraud-detection-group with generation 1
2025-05-30 14:36:06,638 - kafka.consumer.subscription_state - INFO - Updated partition assignment: [TopicPartition(topic='transactions', partition=0)]
2025-05-30 14:36:06,638 - kafka.coordinator.consumer - INFO - Setting newly assigned partitions {TopicPartition(topic='transactions', partition=0)} for group fraud-detection-group
2025-05-30 14:36:07,191 - werkzeug - INFO - [31m[1mWARNING: This is a development server. Do not use it in a production deployment. Use a production WSGI server instead.[0m
 * Running on all addresses (0.0.0.0)
 * Running on http://127.0.0.1:5001
 * Running on http://192.168.0.107:5001
2025-05-30 14:36:07,192 - werkzeug - INFO - [33mPress CTRL+C to quit[0m
2025-05-30 14:36:08,334 - werkzeug - INFO - [31m[1mWARNING: This is a development server. Do not use it in a production deployment. Use a production WSGI server instead.[0m
 * Running on all addresses (0.0.0.0)
 * Running on http://127.0.0.1:5000
 * Running on http://192.168.0.107:5000
2025-05-30 14:36:08,335 - werkzeug - INFO - [33mPress CTRL+C to quit[0m
2025-05-30 14:36:09,342 - FraudDetectionSystem - INFO - Simulating 50 transactions
2025-05-30 14:36:09,346 - kafka.conn - INFO - <BrokerConnection client_id=kafka-python-producer-1, node_id=bootstrap-0 host=localhost:9092 <connecting> [IPv6 ('::1', 9092, 0, 0)]>: connecting to localhost:9092 [('::1', 9092, 0, 0) IPv6]
2025-05-30 14:36:09,351 - kafka.conn - INFO - <BrokerConnection client_id=kafka-python-producer-1, node_id=bootstrap-0 host=localhost:9092 <checking_api_versions_recv> [IPv6 ('::1', 9092, 0, 0)]>: Broker version identified as 2.6
2025-05-30 14:36:09,352 - kafka.conn - INFO - <BrokerConnection client_id=kafka-python-producer-1, node_id=bootstrap-0 host=localhost:9092 <connected> [IPv6 ('::1', 9092, 0, 0)]>: Connection complete.
2025-05-30 14:36:09,469 - kafka.conn - INFO - <BrokerConnection client_id=kafka-python-producer-1, node_id=0 host=kubernetes.docker.internal:9092 <connecting> [IPv4 ('127.0.0.1', 9092)]>: connecting to kubernetes.docker.internal:9092 [('127.0.0.1', 9092) IPv4]
2025-05-30 14:36:09,470 - kafka.conn - INFO - <BrokerConnection client_id=kafka-python-producer-1, node_id=0 host=kubernetes.docker.internal:9092 <connected> [IPv4 ('127.0.0.1', 9092)]>: Connection complete.
2025-05-30 14:36:09,471 - kafka.conn - INFO - <BrokerConnection client_id=kafka-python-producer-1, node_id=bootstrap-0 host=localhost:9092 <connected> [IPv6 ('::1', 9092, 0, 0)]>: Closing connection. 
2025-05-30 14:36:09,519 - FraudDetectionSystem - ERROR - Error in consumer thread: The feature names should match those that were passed during fit.
Feature names unseen at fit time:
- amount
- country_AU
- country_BR
- country_CA
- country_CN
- ...
Feature names seen at fit time, yet now missing:
- feature_0
- feature_1
- feature_2
- feature_3
- feature_4
- ...

2025-05-30 14:36:09,520 - FraudDetectionSystem - INFO - Consumer thread stopped
2025-05-30 14:36:35,090 - FraudDetectionSystem - INFO - Transaction simulation completed
2025-05-30 14:36:35,091 - kafka.conn - INFO - <BrokerConnection client_id=kafka-python-producer-1, node_id=0 host=kubernetes.docker.internal:9092 <connected> [IPv4 ('127.0.0.1', 9092)]>: Closing connection. 
2025-05-30 14:36:40,429 - werkzeug - INFO - 127.0.0.1 - - [30/May/2025 14:36:40] "GET / HTTP/1.1" 200 -
2025-05-30 14:36:41,331 - werkzeug - INFO - 127.0.0.1 - - [30/May/2025 14:36:41] "GET /api/performance?days=30 HTTP/1.1" 200 -
2025-05-30 14:36:41,332 - werkzeug - INFO - 127.0.0.1 - - [30/May/2025 14:36:41] "GET /api/alerts HTTP/1.1" 200 -
2025-05-30 14:36:41,338 - werkzeug - INFO - 127.0.0.1 - - [30/May/2025 14:36:41] "GET /api/summary?days=30 HTTP/1.1" 200 -
2025-05-30 14:36:41,349 - werkzeug - INFO - 127.0.0.1 - - [30/May/2025 14:36:41] "[33mGET /favicon.ico HTTP/1.1[0m" 404 -
2025-05-30 14:36:50,784 - werkzeug - INFO - 127.0.0.1 - - [30/May/2025 14:36:50] "GET / HTTP/1.1" 200 -
2025-05-30 14:36:51,262 - werkzeug - INFO - 127.0.0.1 - - [30/May/2025 14:36:51] "[33mGET /favicon.ico HTTP/1.1[0m" 404 -
2025-05-30 14:41:09,581 - kafka.coordinator - WARNING - Heartbeat poll expired, leaving group
2025-05-30 14:41:09,582 - kafka.coordinator - INFO - Leaving consumer group (fraud-detection-group).
2025-05-30 14:41:09,609 - kafka.coordinator - ERROR - Heartbeat thread for group fraud-detection-group failed due to unexpected error: cannot release un-acquired lock
2025-05-30 14:41:42,102 - werkzeug - INFO - 127.0.0.1 - - [30/May/2025 14:41:42] "GET /api/performance?days=30 HTTP/1.1" 200 -
2025-05-30 14:41:42,109 - werkzeug - INFO - 127.0.0.1 - - [30/May/2025 14:41:42] "GET /api/summary?days=30 HTTP/1.1" 200 -
2025-05-30 14:46:42,098 - werkzeug - INFO - 127.0.0.1 - - [30/May/2025 14:46:42] "GET /api/performance?days=30 HTTP/1.1" 200 -
2025-05-30 14:46:42,106 - werkzeug - INFO - 127.0.0.1 - - [30/May/2025 14:46:42] "GET /api/summary?days=30 HTTP/1.1" 200 -
2025-05-30 14:51:42,093 - werkzeug - INFO - 127.0.0.1 - - [30/May/2025 14:51:42] "GET /api/performance?days=30 HTTP/1.1" 200 -
2025-05-30 14:51:42,101 - werkzeug - INFO - 127.0.0.1 - - [30/May/2025 14:51:42] "GET /api/summary?days=30 HTTP/1.1" 200 -
2025-05-30 14:56:42,102 - werkzeug - INFO - 127.0.0.1 - - [30/May/2025 14:56:42] "GET /api/performance?days=30 HTTP/1.1" 200 -
2025-05-30 14:56:42,114 - werkzeug - INFO - 127.0.0.1 - - [30/May/2025 14:56:42] "GET /api/summary?days=30 HTTP/1.1" 200 -
2025-05-30 15:03:09,500 - werkzeug - INFO - 127.0.0.1 - - [30/May/2025 15:03:09] "GET /api/performance?days=30 HTTP/1.1" 200 -
2025-05-30 15:03:09,507 - werkzeug - INFO - 127.0.0.1 - - [30/May/2025 15:03:09] "GET /api/summary?days=30 HTTP/1.1" 200 -
2025-05-30 15:03:52,457 - werkzeug - INFO - 127.0.0.1 - - [30/May/2025 15:03:52] "GET /api/settings HTTP/1.1" 200 -
2025-05-30 15:05:01,579 - werkzeug - INFO - 127.0.0.1 - - [30/May/2025 15:05:01] "GET /api/performance?days=30 HTTP/1.1" 200 -
2025-05-30 15:05:01,584 - werkzeug - INFO - 127.0.0.1 - - [30/May/2025 15:05:01] "GET /api/summary?days=30 HTTP/1.1" 200 -
2025-05-30 15:05:04,945 - werkzeug - INFO - 127.0.0.1 - - [30/May/2025 15:05:04] "GET /api/performance?days=7 HTTP/1.1" 200 -
2025-05-30 15:05:04,950 - werkzeug - INFO - 127.0.0.1 - - [30/May/2025 15:05:04] "GET /api/summary?days=7 HTTP/1.1" 200 -
2025-05-30 15:05:12,361 - werkzeug - INFO - 127.0.0.1 - - [30/May/2025 15:05:12] "GET /api/performance?days=7 HTTP/1.1" 200 -
2025-05-30 15:05:12,366 - werkzeug - INFO - 127.0.0.1 - - [30/May/2025 15:05:12] "GET /api/summary?days=7 HTTP/1.1" 200 -
2025-05-30 15:05:16,125 - werkzeug - INFO - 127.0.0.1 - - [30/May/2025 15:05:16] "GET /api/performance?days=30 HTTP/1.1" 200 -
2025-05-30 15:05:16,137 - werkzeug - INFO - 127.0.0.1 - - [30/May/2025 15:05:16] "GET /api/summary?days=30 HTTP/1.1" 200 -
2025-05-30 15:05:36,692 - werkzeug - INFO - 127.0.0.1 - - [30/May/2025 15:05:36] "GET /api/transaction/T-00475 HTTP/1.1" 200 -
2025-05-30 15:05:46,119 - werkzeug - INFO - 127.0.0.1 - - [30/May/2025 15:05:46] "GET /api/transaction/T-00288 HTTP/1.1" 200 -
2025-05-30 15:06:31,635 - werkzeug - INFO - 127.0.0.1 - - [30/May/2025 15:06:31] "GET /api/performance?days=30 HTTP/1.1" 200 -
2025-05-30 15:06:31,646 - werkzeug - INFO - 127.0.0.1 - - [30/May/2025 15:06:31] "GET /api/summary?days=30 HTTP/1.1" 200 -
2025-05-30 15:06:34,952 - werkzeug - INFO - 127.0.0.1 - - [30/May/2025 15:06:34] "GET /api/performance?days=30 HTTP/1.1" 200 -
2025-05-30 15:06:34,960 - werkzeug - INFO - 127.0.0.1 - - [30/May/2025 15:06:34] "GET /api/summary?days=30 HTTP/1.1" 200 -
2025-05-30 15:06:37,866 - werkzeug - INFO - 127.0.0.1 - - [30/May/2025 15:06:37] "GET /api/summary?days=30 HTTP/1.1" 200 -
2025-05-30 15:06:37,874 - werkzeug - INFO - 127.0.0.1 - - [30/May/2025 15:06:37] "GET /api/performance?days=30 HTTP/1.1" 200 -
2025-05-30 15:06:40,917 - werkzeug - INFO - 127.0.0.1 - - [30/May/2025 15:06:40] "GET /api/performance?days=30 HTTP/1.1" 200 -
2025-05-30 15:06:40,926 - werkzeug - INFO - 127.0.0.1 - - [30/May/2025 15:06:40] "GET /api/summary?days=30 HTTP/1.1" 200 -
2025-05-30 15:06:41,352 - werkzeug - INFO - 127.0.0.1 - - [30/May/2025 15:06:41] "GET /api/performance?days=30 HTTP/1.1" 200 -
2025-05-30 15:06:41,357 - werkzeug - INFO - 127.0.0.1 - - [30/May/2025 15:06:41] "GET /api/summary?days=30 HTTP/1.1" 200 -
2025-05-30 15:06:45,208 - werkzeug - INFO - 127.0.0.1 - - [30/May/2025 15:06:45] "GET /api/performance?days=30 HTTP/1.1" 200 -
2025-05-30 15:06:45,219 - werkzeug - INFO - 127.0.0.1 - - [30/May/2025 15:06:45] "GET /api/summary?days=30 HTTP/1.1" 200 -
2025-05-30 15:06:54,926 - werkzeug - INFO - 127.0.0.1 - - [30/May/2025 15:06:54] "GET /api/transaction/T-00464 HTTP/1.1" 200 -
2025-05-30 15:15:58,836 - werkzeug - INFO - 127.0.0.1 - - [30/May/2025 15:15:58] "GET /api/performance?days=30 HTTP/1.1" 200 -
2025-05-30 15:15:58,842 - werkzeug - INFO - 127.0.0.1 - - [30/May/2025 15:15:58] "GET /api/summary?days=30 HTTP/1.1" 200 -
2025-05-30 15:16:58,091 - werkzeug - INFO - 127.0.0.1 - - [30/May/2025 15:16:58] "GET /api/performance?days=30 HTTP/1.1" 200 -
2025-05-30 15:16:58,093 - werkzeug - INFO - 127.0.0.1 - - [30/May/2025 15:16:58] "GET /api/summary?days=30 HTTP/1.1" 200 -
2025-05-30 15:18:29,230 - werkzeug - INFO - 127.0.0.1 - - [30/May/2025 15:18:29] "GET /api/settings HTTP/1.1" 200 -
2025-06-02 22:28:08,084 - FraudDetectionSystem - INFO - Fraud Detection System initialized
2025-06-02 22:28:08,087 - FraudDetectionSystem - INFO - Starting streaming process
2025-06-02 22:28:08,088 - FraudDetectionSystem - INFO - Starting Flask API
2025-06-02 22:28:08,089 - FraudDetectionSystem - INFO - Starting Dashboard
2025-06-02 22:28:08,089 - FraudDetectionSystem - INFO - Streaming process started
2025-06-02 22:28:08,102 - kafka.conn - INFO - <BrokerConnection client_id=kafka-python-2.1.4, node_id=bootstrap-0 host=localhost:9092 <connecting> [IPv6 ('::1', 9092, 0, 0)]>: connecting to localhost:9092 [('::1', 9092, 0, 0) IPv6]
2025-06-02 22:28:08,112 - kafka.conn - INFO - <BrokerConnection client_id=kafka-python-2.1.4, node_id=bootstrap-0 host=localhost:9092 <checking_api_versions_recv> [IPv6 ('::1', 9092, 0, 0)]>: Broker version identified as 2.6
2025-06-02 22:28:08,113 - kafka.conn - INFO - <BrokerConnection client_id=kafka-python-2.1.4, node_id=bootstrap-0 host=localhost:9092 <connected> [IPv6 ('::1', 9092, 0, 0)]>: Connection complete.
2025-06-02 22:28:08,115 - kafka.consumer.subscription_state - INFO - Updating subscribed topics to: ('transactions',)
2025-06-02 22:28:08,876 - FraudDetectionSystem - INFO - Consumer started. Processing transactions...
2025-06-02 22:28:08,892 - kafka.conn - INFO - <BrokerConnection client_id=kafka-python-2.1.4, node_id=0 host=Aditya:9092 <connecting> [IPv6 ('fe80::4a48:b76e:4dc5:86a1', 9092, 0, 3)]>: connecting to Aditya:9092 [('fe80::4a48:b76e:4dc5:86a1', 9092, 0, 3) IPv6]
2025-06-02 22:28:08,900 - kafka.conn - INFO - <BrokerConnection client_id=kafka-python-2.1.4, node_id=0 host=Aditya:9092 <connected> [IPv6 ('fe80::4a48:b76e:4dc5:86a1', 9092, 0, 3)]>: Connection complete.
2025-06-02 22:28:08,914 - kafka.conn - INFO - <BrokerConnection client_id=kafka-python-2.1.4, node_id=bootstrap-0 host=localhost:9092 <connected> [IPv6 ('::1', 9092, 0, 0)]>: Closing connection. 
2025-06-02 22:28:09,024 - kafka.cluster - INFO - Group coordinator for fraud-detection-group is BrokerMetadata(nodeId='coordinator-0', host='Aditya', port=9092, rack=None)
2025-06-02 22:28:09,025 - kafka.coordinator - INFO - Discovered coordinator coordinator-0 for group fraud-detection-group
2025-06-02 22:28:09,025 - kafka.coordinator - INFO - Starting new heartbeat thread
2025-06-02 22:28:09,028 - kafka.coordinator.consumer - INFO - Revoking previously assigned partitions set() for group fraud-detection-group
2025-06-02 22:28:09,029 - kafka.conn - INFO - <BrokerConnection client_id=kafka-python-2.1.4, node_id=coordinator-0 host=Aditya:9092 <connecting> [IPv6 ('fe80::4a48:b76e:4dc5:86a1', 9092, 0, 3)]>: connecting to Aditya:9092 [('fe80::4a48:b76e:4dc5:86a1', 9092, 0, 3) IPv6]
2025-06-02 22:28:09,030 - kafka.conn - INFO - <BrokerConnection client_id=kafka-python-2.1.4, node_id=coordinator-0 host=Aditya:9092 <connected> [IPv6 ('fe80::4a48:b76e:4dc5:86a1', 9092, 0, 3)]>: Connection complete.
2025-06-02 22:28:09,142 - kafka.coordinator - INFO - (Re-)joining group fraud-detection-group
2025-06-02 22:28:09,177 - kafka.coordinator - INFO - Elected group leader -- performing partition assignments using range
2025-06-02 22:28:09,230 - kafka.coordinator - INFO - Successfully joined group fraud-detection-group with generation 1
2025-06-02 22:28:09,232 - kafka.consumer.subscription_state - INFO - Updated partition assignment: [TopicPartition(topic='transactions', partition=0)]
2025-06-02 22:28:09,234 - kafka.coordinator.consumer - INFO - Setting newly assigned partitions {TopicPartition(topic='transactions', partition=0)} for group fraud-detection-group
2025-06-02 22:28:09,288 - werkzeug - INFO - [31m[1mWARNING: This is a development server. Do not use it in a production deployment. Use a production WSGI server instead.[0m
 * Running on all addresses (0.0.0.0)
 * Running on http://127.0.0.1:5001
 * Running on http://192.168.0.107:5001
2025-06-02 22:28:09,292 - werkzeug - INFO - [33mPress CTRL+C to quit[0m
2025-06-02 22:28:09,700 - werkzeug - INFO - [31m[1mWARNING: This is a development server. Do not use it in a production deployment. Use a production WSGI server instead.[0m
 * Running on all addresses (0.0.0.0)
 * Running on http://127.0.0.1:5000
 * Running on http://192.168.0.107:5000
2025-06-02 22:28:09,702 - werkzeug - INFO - [33mPress CTRL+C to quit[0m
2025-06-02 22:28:13,098 - FraudDetectionSystem - INFO - Simulating 50 transactions
2025-06-02 22:28:13,105 - kafka.conn - INFO - <BrokerConnection client_id=kafka-python-producer-1, node_id=bootstrap-0 host=localhost:9092 <connecting> [IPv6 ('::1', 9092, 0, 0)]>: connecting to localhost:9092 [('::1', 9092, 0, 0) IPv6]
2025-06-02 22:28:13,109 - kafka.conn - INFO - <BrokerConnection client_id=kafka-python-producer-1, node_id=bootstrap-0 host=localhost:9092 <checking_api_versions_recv> [IPv6 ('::1', 9092, 0, 0)]>: Broker version identified as 2.6
2025-06-02 22:28:13,110 - kafka.conn - INFO - <BrokerConnection client_id=kafka-python-producer-1, node_id=bootstrap-0 host=localhost:9092 <connected> [IPv6 ('::1', 9092, 0, 0)]>: Connection complete.
2025-06-02 22:28:13,226 - kafka.conn - INFO - <BrokerConnection client_id=kafka-python-producer-1, node_id=0 host=Aditya:9092 <connecting> [IPv6 ('fe80::4a48:b76e:4dc5:86a1', 9092, 0, 3)]>: connecting to Aditya:9092 [('fe80::4a48:b76e:4dc5:86a1', 9092, 0, 3) IPv6]
2025-06-02 22:28:13,231 - kafka.conn - INFO - <BrokerConnection client_id=kafka-python-producer-1, node_id=0 host=Aditya:9092 <connected> [IPv6 ('fe80::4a48:b76e:4dc5:86a1', 9092, 0, 3)]>: Connection complete.
2025-06-02 22:28:13,231 - kafka.conn - INFO - <BrokerConnection client_id=kafka-python-producer-1, node_id=bootstrap-0 host=localhost:9092 <connected> [IPv6 ('::1', 9092, 0, 0)]>: Closing connection. 
2025-06-02 22:28:13,265 - FraudDetectionSystem - ERROR - Error in consumer thread: The feature names should match those that were passed during fit.
Feature names unseen at fit time:
- amount
- country_AU
- country_BR
- country_CA
- country_CN
- ...
Feature names seen at fit time, yet now missing:
- feature_0
- feature_1
- feature_2
- feature_3
- feature_4
- ...

2025-06-02 22:28:13,266 - FraudDetectionSystem - INFO - Consumer thread stopped
2025-06-02 22:28:38,853 - FraudDetectionSystem - INFO - Transaction simulation completed
2025-06-02 22:28:38,855 - kafka.conn - INFO - <BrokerConnection client_id=kafka-python-producer-1, node_id=0 host=Aditya:9092 <connected> [IPv6 ('fe80::4a48:b76e:4dc5:86a1', 9092, 0, 3)]>: Closing connection. 
2025-06-02 22:29:05,941 - werkzeug - INFO - 127.0.0.1 - - [02/Jun/2025 22:29:05] "GET / HTTP/1.1" 200 -
2025-06-02 22:29:06,770 - werkzeug - INFO - 127.0.0.1 - - [02/Jun/2025 22:29:06] "[33mGET /favicon.ico HTTP/1.1[0m" 404 -
2025-06-02 22:29:06,779 - werkzeug - INFO - 127.0.0.1 - - [02/Jun/2025 22:29:06] "GET /api/performance?days=30 HTTP/1.1" 200 -
2025-06-02 22:29:06,781 - werkzeug - INFO - 127.0.0.1 - - [02/Jun/2025 22:29:06] "GET /api/alerts HTTP/1.1" 200 -
2025-06-02 22:29:06,787 - werkzeug - INFO - 127.0.0.1 - - [02/Jun/2025 22:29:06] "GET /api/summary?days=30 HTTP/1.1" 200 -
2025-06-02 22:29:12,990 - werkzeug - INFO - 192.168.0.107 - - [02/Jun/2025 22:29:12] "GET / HTTP/1.1" 200 -
2025-06-02 22:29:19,594 - werkzeug - INFO - 127.0.0.1 - - [02/Jun/2025 22:29:19] "GET / HTTP/1.1" 200 -
2025-06-02 22:29:20,002 - werkzeug - INFO - 127.0.0.1 - - [02/Jun/2025 22:29:20] "[33mGET /favicon.ico HTTP/1.1[0m" 404 -
2025-06-02 22:30:20,955 - werkzeug - INFO - 127.0.0.1 - - [02/Jun/2025 22:30:20] "GET /api/performance?days=7 HTTP/1.1" 200 -
2025-06-02 22:30:20,960 - werkzeug - INFO - 127.0.0.1 - - [02/Jun/2025 22:30:20] "GET /api/summary?days=7 HTTP/1.1" 200 -
2025-06-02 22:30:25,203 - werkzeug - INFO - 127.0.0.1 - - [02/Jun/2025 22:30:25] "GET /api/performance?days=30 HTTP/1.1" 200 -
2025-06-02 22:30:25,211 - werkzeug - INFO - 127.0.0.1 - - [02/Jun/2025 22:30:25] "GET /api/summary?days=30 HTTP/1.1" 200 -
2025-06-02 22:30:34,824 - werkzeug - INFO - 127.0.0.1 - - [02/Jun/2025 22:30:34] "GET /api/alerts?days=30 HTTP/1.1" 200 -
2025-06-02 22:30:50,224 - werkzeug - INFO - 127.0.0.1 - - [02/Jun/2025 22:30:50] "GET /api/settings HTTP/1.1" 200 -
2025-06-02 22:31:03,634 - werkzeug - INFO - 127.0.0.1 - - [02/Jun/2025 22:31:03] "GET /api/performance?days=30 HTTP/1.1" 200 -
2025-06-02 22:31:03,641 - werkzeug - INFO - 127.0.0.1 - - [02/Jun/2025 22:31:03] "GET /api/summary?days=30 HTTP/1.1" 200 -
2025-06-02 22:31:40,934 - kafka.conn - ERROR - <BrokerConnection client_id=kafka-python-2.1.4, node_id=coordinator-0 host=Aditya:9092 <connected> [IPv6 ('fe80::4a48:b76e:4dc5:86a1', 9092, 0, 3)]>: Closing connection. KafkaConnectionError: Socket EVENT_READ without in-flight-requests
2025-06-02 22:31:40,960 - kafka.conn - ERROR - <BrokerConnection client_id=kafka-python-2.1.4, node_id=0 host=Aditya:9092 <connected> [IPv6 ('fe80::4a48:b76e:4dc5:86a1', 9092, 0, 3)]>: Closing connection. KafkaConnectionError: Socket EVENT_READ without in-flight-requests
2025-06-02 22:31:43,105 - kafka.conn - INFO - <BrokerConnection client_id=kafka-python-2.1.4, node_id=coordinator-0 host=Aditya:9092 <connecting> [IPv4 ('192.168.0.107', 9092)]>: connecting to Aditya:9092 [('192.168.0.107', 9092) IPv4]
2025-06-02 22:31:50,242 - kafka.coordinator - WARNING - Heartbeat session expired, marking coordinator dead
2025-06-02 22:31:50,251 - kafka.coordinator - WARNING - Marking the coordinator dead (node coordinator-0) for group fraud-detection-group: Heartbeat session expired.
2025-06-02 22:31:50,407 - kafka.conn - INFO - <BrokerConnection client_id=kafka-python-2.1.4, node_id=0 host=Aditya:9092 <connecting> [IPv4 ('192.168.0.107', 9092)]>: connecting to Aditya:9092 [('192.168.0.107', 9092) IPv4]
